case_id,alert_id,customer_id,opened_ts,closed_ts,case_status,priority,investigator_id,disposition,exposure_inr,confirmed_loss_inr,case_category
CASE0000001,ALT00000005,CUST000473,2026-02-01 01:40:49,,Investigating,Medium,INV003,Under Investigation,357.39,0,Mule account
CASE0000002,ALT00000012,CUST001726,2026-02-01 19:13:24,2026-02-03 02:13:24,Closed,Medium,INV005,Customer Verified,523754.91,0,Other
CASE0000003,ALT00000014,CUST000796,2026-02-02 01:16:32,,Investigating,Medium,INV002,Under Investigation,7484.08,0,Other
CASE0000004,ALT00000017,CUST001018,2026-02-02 03:40:53,2026-02-02 21:40:53,Closed,High,INV004,Customer Verified,8249.67,0,Mule account
CASE0000005,ALT00000019,CUST000578,2026-02-02 11:10:31,,Investigating,Medium,INV004,Under Investigation,55.22,0,Mule account
CASE0000006,ALT00000024,CUST001627,2026-02-03 05:54:25,,Investigating,Medium,INV004,Under Investigation,4466.9,0,UPI scam
CASE0000007,ALT00000026,CUST001548,2026-02-03 10:19:27,2026-02-05 04:19:27,Closed,Medium,INV002,Customer Verified,126357.22,0,Credential compromise
CASE0000008,ALT00000027,CUST000823,2026-02-03 10:42:59,,Investigating,Medium,INV001,Under Investigation,1332.26,0,Mule account
CASE0000009,ALT00000028,CUST001783,2026-02-03 19:24:54,,Investigating,Medium,INV002,Under Investigation,110367.02,0,Credential compromise
CASE0000010,ALT00000030,CUST000196,2026-02-03 20:42:18,,Investigating,Medium,INV004,Under Investigation,4193.45,0,Merchant abuse
CASE0000011,ALT00000032,CUST001168,2026-02-04 00:50:00,2026-02-06 04:50:00,Closed,Critical,INV003,Pending Evidence,2141.87,0,Card misuse
CASE0000012,ALT00000036,CUST001388,2026-02-04 15:28:58,2026-02-05 11:28:58,Closed,Medium,INV001,Pending Evidence,188278.75,0,Card misuse
CASE0000013,ALT00000037,CUST000403,2026-02-04 16:45:24,2026-02-06 07:45:24,Closed,Medium,INV002,Customer Verified,890.8,0,Mule account
CASE0000014,ALT00000042,CUST001111,2026-02-05 01:35:18,2026-02-05 16:35:18,Closed,Medium,INV001,Confirmed Fraud,3196.55,1808.53,Card misuse
CASE0000015,ALT00000049,CUST000752,2026-02-05 14:54:19,2026-02-08 12:54:19,Closed,Medium,INV005,Pending Evidence,52990.95,0,Other
CASE0000016,ALT00000055,CUST000377,2026-02-06 06:24:51,2026-02-06 18:24:51,Closed,Medium,INV001,False Positive,2550.13,0,Card misuse
CASE0000017,ALT00000059,CUST000859,2026-02-06 08:07:24,2026-02-07 00:07:24,Closed,Medium,INV002,Customer Verified,51.48,0,Card misuse
CASE0000018,ALT00000060,CUST000258,2026-02-06 09:29:52,2026-02-08 07:29:52,Closed,Medium,INV002,Confirmed Fraud,910.16,735.86,Merchant abuse
CASE0000019,ALT00000070,CUST000409,2026-02-08 03:02:19,,Investigating,Medium,INV001,Under Investigation,822.7,0,Mule account
CASE0000020,ALT00000071,CUST001231,2026-02-08 03:26:56,,Investigating,High,INV003,Under Investigation,7056.87,0,Card misuse
CASE0000021,ALT00000074,CUST000544,2026-02-08 03:47:36,2026-02-10 18:47:36,Closed,Medium,INV001,False Positive,2532.99,0,Other
CASE0000022,ALT00000078,CUST001574,2026-02-08 06:57:24,2026-02-11 03:57:24,Closed,Medium,INV004,Pending Evidence,96585.82,0,Merchant abuse
CASE0000023,ALT00000079,CUST001304,2026-02-08 06:30:37,,Investigating,Medium,INV003,Under Investigation,163805.13,0,Merchant abuse
CASE0000024,ALT00000080,CUST001971,2026-02-08 18:44:24,,Investigating,High,INV004,Under Investigation,3966.36,0,UPI scam
CASE0000025,ALT00000081,CUST001830,2026-02-08 19:36:34,2026-02-10 11:36:34,Closed,Medium,INV002,Pending Evidence,70216.01,0,Merchant abuse
CASE0000026,ALT00000086,CUST000367,2026-02-09 04:40:57,2026-02-10 14:40:57,Closed,Medium,INV002,Customer Verified,5595.1,0,Merchant abuse
CASE0000027,ALT00000088,CUST000046,2026-02-09 07:22:19,,Investigating,High,INV001,Under Investigation,501860.37,0,Mule account
CASE0000028,ALT00000089,CUST000274,2026-02-09 13:10:53,,Investigating,Medium,INV001,Under Investigation,489158.8,0,Card misuse
CASE0000029,ALT00000092,CUST001141,2026-02-10 03:38:25,2026-02-10 08:38:25,Closed,Medium,INV004,Customer Verified,1071.73,0,UPI scam
CASE0000030,ALT00000103,CUST001601,2026-02-11 01:37:46,2026-02-13 10:37:46,Closed,Medium,INV004,Pending Evidence,4547.24,0,Credential compromise
CASE0000031,ALT00000109,CUST000976,2026-02-11 21:39:56,2026-02-13 19:39:56,Closed,Critical,INV001,Pending Evidence,1210678.2,0,UPI scam
CASE0000032,ALT00000112,CUST000430,2026-02-12 05:14:30,2026-02-12 22:14:30,Closed,Medium,INV005,Customer Verified,28436.06,0,UPI scam
CASE0000033,ALT00000122,CUST001890,2026-02-13 23:30:59,2026-02-15 12:30:59,Closed,Critical,INV004,Confirmed Fraud,197457.13,94955.44,Merchant abuse
CASE0000034,ALT00000125,CUST001956,2026-02-14 03:46:08,,Investigating,Medium,INV002,Under Investigation,4240.58,0,Merchant abuse
CASE0000035,ALT00000127,CUST000582,2026-02-14 11:01:43,2026-02-16 17:01:43,Closed,Medium,INV004,Confirmed Fraud,4264.83,1845.23,UPI scam
CASE0000036,ALT00000128,CUST001160,2026-02-14 14:37:24,2026-02-16 01:37:24,Closed,Medium,INV001,False Positive,212625.68,0,Mule account
CASE0000037,ALT00000133,CUST000789,2026-02-15 03:30:15,,Investigating,Medium,INV005,Under Investigation,7662.56,0,Other
CASE0000038,ALT00000139,CUST001346,2026-02-16 03:03:42,2026-02-17 01:03:42,Closed,Medium,INV002,Customer Verified,7808.43,0,Card misuse
CASE0000039,ALT00000141,CUST000912,2026-02-16 02:11:34,2026-02-17 20:11:34,Closed,Medium,INV002,Customer Verified,3828.7,0,Credential compromise
CASE0000040,ALT00000158,CUST001227,2026-02-17 13:49:19,2026-02-17 20:49:19,Closed,Medium,INV003,Customer Verified,373306.92,0,Other
CASE0000041,ALT00000159,CUST001776,2026-02-18 01:03:47,2026-02-19 22:03:47,Closed,Medium,INV004,Confirmed Fraud,1723.96,864.23,Credential compromise
CASE0000042,ALT00000164,CUST000964,2026-02-18 03:26:51,2026-02-20 14:26:51,Closed,Medium,INV002,False Positive,821.69,0,Merchant abuse
CASE0000043,ALT00000165,CUST000620,2026-02-18 05:05:18,,Investigating,Medium,INV001,Under Investigation,5046.74,0,UPI scam
CASE0000044,ALT00000166,CUST001040,2026-02-18 13:28:39,,Investigating,Medium,INV002,Under Investigation,2270.83,0,UPI scam
CASE0000045,ALT00000169,CUST000830,2026-02-19 05:09:08,,Investigating,Medium,INV001,Under Investigation,2875.79,0,Mule account
CASE0000046,ALT00000175,CUST000296,2026-02-20 04:53:45,2026-02-20 17:53:45,Closed,Medium,INV001,Confirmed Fraud,1539.52,1085.8,Merchant abuse
CASE0000047,ALT00000177,CUST001236,2026-02-20 06:10:46,2026-02-20 14:10:46,Closed,Medium,INV005,Customer Verified,3701.61,0,Other
CASE0000048,ALT00000190,CUST001479,2026-02-21 06:41:18,,Investigating,Medium,INV002,Under Investigation,2416.0,0,Merchant abuse
CASE0000049,ALT00000196,CUST000141,2026-02-22 03:26:09,,Investigating,Medium,INV004,Under Investigation,295.28,0,Merchant abuse
CASE0000050,ALT00000198,CUST000450,2026-02-22 04:55:04,,Investigating,Medium,INV001,Under Investigation,2306.23,0,Card misuse
CASE0000051,ALT00000203,CUST000620,2026-02-23 02:47:41,2026-02-26 00:47:41,Closed,Medium,INV003,Pending Evidence,11548.12,0,Merchant abuse
CASE0000052,ALT00000207,CUST000888,2026-02-23 05:03:15,2026-02-25 01:03:15,Closed,Medium,INV005,Confirmed Fraud,275.89,139.3,Merchant abuse
CASE0000053,ALT00000212,CUST000493,2026-02-24 04:58:54,,Investigating,Medium,INV005,Under Investigation,1269.64,0,Mule account
CASE0000054,ALT00000215,CUST000792,2026-02-24 10:31:07,2026-02-26 13:31:07,Closed,Medium,INV001,Confirmed Fraud,351234.45,265005.6,Credential compromise
CASE0000055,ALT00000219,CUST001631,2026-02-25 01:16:45,2026-02-28 00:16:45,Closed,Medium,INV003,False Positive,3470.76,0,Mule account
CASE0000056,ALT00000221,CUST000159,2026-02-25 11:34:24,2026-02-27 06:34:24,Closed,High,INV005,Confirmed Fraud,1408687.66,517012.8,Merchant abuse
CASE0000057,ALT00000229,CUST000918,2026-02-26 14:37:53,2026-02-27 08:37:53,Closed,Medium,INV003,False Positive,422484.54,0,Mule account
CASE0000058,ALT00000231,CUST001300,2026-02-26 23:51:36,,Investigating,Medium,INV004,Under Investigation,179.88,0,Credential compromise
CASE0000059,ALT00000232,CUST000193,2026-02-27 01:56:30,,Investigating,Medium,INV001,Under Investigation,3944.36,0,Merchant abuse
CASE0000060,ALT00000233,CUST000232,2026-02-27 03:26:09,2026-03-01 06:26:09,Closed,Medium,INV003,Confirmed Fraud,4546.33,3854.07,Credential compromise
CASE0000061,ALT00000237,CUST000987,2026-02-27 23:26:13,2026-03-01 09:26:13,Closed,Medium,INV002,Customer Verified,18.8,0,Card misuse
CASE0000062,ALT00000238,CUST001552,2026-02-28 02:12:34,2026-02-28 03:12:34,Closed,Medium,INV001,Pending Evidence,2512.51,0,Credential compromise
CASE0000063,ALT00000240,CUST001843,2026-02-28 03:31:41,2026-02-28 13:31:41,Closed,Medium,INV004,Customer Verified,8652.72,0,Merchant abuse
CASE0000064,ALT00000245,CUST000687,2026-02-28 05:05:45,2026-03-02 22:05:45,Closed,Medium,INV004,Customer Verified,330619.16,0,Mule account
CASE0000065,ALT00000251,CUST000795,2026-02-28 21:49:58,,Investigating,Medium,INV003,Under Investigation,183173.8,0,UPI scam
CASE0000066,ALT00000252,CUST000787,2026-02-28 20:17:17,,Investigating,Medium,INV003,Under Investigation,348132.78,0,Other
CASE0000067,ALT00000254,CUST000629,2026-02-28 21:52:13,2026-03-01 12:52:13,Closed,Medium,INV003,Pending Evidence,776.84,0,Other
CASE0000068,ALT00000257,CUST001242,2026-03-01 02:59:40,2026-03-03 12:59:40,Closed,Medium,INV001,Confirmed Fraud,2382.05,1264.39,Mule account
CASE0000069,ALT00000259,CUST000515,2026-03-01 13:34:33,2026-03-02 12:34:33,Closed,Medium,INV001,Customer Verified,662.03,0,Card misuse
CASE0000070,ALT00000260,CUST000016,2026-03-01 15:13:10,2026-03-04 00:13:10,Closed,Medium,INV002,Pending Evidence,240226.56,0,Card misuse
CASE0000071,ALT00000265,CUST000644,2026-03-02 02:50:59,,Investigating,Medium,INV003,Under Investigation,1461.89,0,Card misuse
CASE0000072,ALT00000266,CUST000458,2026-03-02 03:36:10,,Investigating,Medium,INV001,Under Investigation,1272207.56,0,Credential compromise
CASE0000073,ALT00000267,CUST000144,2026-03-02 04:17:59,2026-03-04 13:17:59,Closed,Medium,INV002,False Positive,5975.39,0,Merchant abuse
CASE0000074,ALT00000268,CUST000944,2026-03-02 05:20:28,,Investigating,Medium,INV005,Under Investigation,6506.43,0,Credential compromise
CASE0000075,ALT00000276,CUST001227,2026-03-03 03:07:32,2026-03-06 02:07:32,Closed,Critical,INV002,Customer Verified,5966.81,0,Mule account
CASE0000076,ALT00000277,CUST001729,2026-03-03 04:00:38,,Investigating,Medium,INV003,Under Investigation,3195.84,0,Mule account
CASE0000077,ALT00000279,CUST000296,2026-03-03 06:21:13,2026-03-04 15:21:13,Closed,Critical,INV005,Confirmed Fraud,36134.77,10623.59,Card misuse
CASE0000078,ALT00000281,CUST000455,2026-03-03 08:34:18,,Investigating,Medium,INV001,Under Investigation,65.43,0,UPI scam
CASE0000079,ALT00000282,CUST001887,2026-03-03 08:04:31,2026-03-05 01:04:31,Closed,Medium,INV001,Pending Evidence,239.32,0,Merchant abuse
CASE0000080,ALT00000285,CUST001382,2026-03-03 15:17:05,2026-03-06 00:17:05,Closed,High,INV004,False Positive,309164.95,0,Card misuse
CASE0000081,ALT00000287,CUST000454,2026-03-03 21:49:02,2026-03-06 05:49:02,Closed,Medium,INV005,Confirmed Fraud,49238.62,32630.83,Card misuse
CASE0000082,ALT00000290,CUST001652,2026-03-04 02:47:43,,Investigating,Medium,INV004,Under Investigation,3138.66,0,Card misuse
CASE0000083,ALT00000291,CUST000965,2026-03-04 03:02:06,2026-03-06 07:02:06,Closed,Medium,INV005,Customer Verified,1430953.61,0,Other
CASE0000084,ALT00000293,CUST001534,2026-03-04 14:13:41,2026-03-05 19:13:41,Closed,Medium,INV004,Pending Evidence,51176.26,0,Card misuse
CASE0000085,ALT00000296,CUST001275,2026-03-05 04:02:34,2026-03-05 20:02:34,Closed,Medium,INV003,Pending Evidence,15666.74,0,Mule account
CASE0000086,ALT00000301,CUST001922,2026-03-05 05:22:20,,Investigating,Medium,INV003,Under Investigation,2337.86,0,Card misuse
CASE0000087,ALT00000306,CUST001477,2026-03-06 13:46:22,2026-03-08 03:46:22,Closed,Medium,INV001,Confirmed Fraud,1407.53,1210.83,Mule account
CASE0000088,ALT00000308,CUST001383,2026-03-06 15:52:24,,Investigating,Medium,INV003,Under Investigation,1252.83,0,Card misuse
CASE0000089,ALT00000310,CUST000416,2026-03-07 00:34:02,,Investigating,Medium,INV002,Under Investigation,4290.25,0,Card misuse
CASE0000090,ALT00000314,CUST000446,2026-03-07 05:05:40,2026-03-09 17:05:40,Closed,Medium,INV002,Customer Verified,2310.22,0,Credential compromise
CASE0000091,ALT00000315,CUST000219,2026-03-07 09:02:53,,Investigating,Medium,INV001,Under Investigation,382.41,0,Other
CASE0000092,ALT00000319,CUST001423,2026-03-08 03:31:47,,Investigating,Medium,INV005,Under Investigation,5478.35,0,UPI scam
CASE0000093,ALT00000325,CUST000097,2026-03-08 16:43:29,,Investigating,Medium,INV003,Under Investigation,229624.4,0,UPI scam
CASE0000094,ALT00000329,CUST000084,2026-03-09 02:07:44,,Investigating,Medium,INV002,Under Investigation,5036.89,0,Merchant abuse
CASE0000095,ALT00000336,CUST000232,2026-03-09 05:52:09,2026-03-09 16:52:09,Closed,Medium,INV001,Customer Verified,1167.65,0,Credential compromise
CASE0000096,ALT00000341,CUST000365,2026-03-09 14:52:12,,Investigating,Medium,INV003,Under Investigation,188741.31,0,Other
CASE0000097,ALT00000346,CUST000127,2026-03-10 00:35:05,,Investigating,Medium,INV005,Under Investigation,130615.71,0,UPI scam
CASE0000098,ALT00000349,CUST001866,2026-03-10 03:26:15,,Investigating,Medium,INV002,Under Investigation,22451.37,0,UPI scam
CASE0000099,ALT00000351,CUST001734,2026-03-10 03:51:37,2026-03-11 02:51:37,Closed,High,INV001,Customer Verified,536.09,0,Other
CASE0000100,ALT00000354,CUST001464,2026-03-10 07:59:52,,Investigating,Medium,INV004,Under Investigation,971.46,0,Credential compromise
CASE0000101,ALT00000357,CUST001804,2026-03-11 00:03:46,,Investigating,High,INV004,Under Investigation,18862.01,0,Card misuse
CASE0000102,ALT00000364,CUST001641,2026-03-11 19:55:09,2026-03-14 05:55:09,Closed,Critical,INV002,Customer Verified,61153.81,0,Merchant abuse
CASE0000103,ALT00000372,CUST000107,2026-03-12 15:29:52,,Investigating,Medium,INV001,Under Investigation,494716.29,0,Credential compromise
CASE0000104,ALT00000373,CUST001179,2026-03-12 22:45:35,,Investigating,Medium,INV002,Under Investigation,96.73,0,Merchant abuse
CASE0000105,ALT00000377,CUST001447,2026-03-13 04:28:24,2026-03-15 11:28:24,Closed,Medium,INV002,Pending Evidence,2943.37,0,Mule account
CASE0000106,ALT00000381,CUST001244,2026-03-13 11:40:19,,Investigating,Medium,INV001,Under Investigation,136.97,0,Merchant abuse
CASE0000107,ALT00000385,CUST000163,2026-03-14 01:09:50,,Investigating,Medium,INV001,Under Investigation,6828.92,0,Card misuse
CASE0000108,ALT00000391,CUST000809,2026-03-14 16:01:45,,Investigating,Medium,INV003,Under Investigation,67854.66,0,Card misuse
CASE0000109,ALT00000396,CUST001798,2026-03-15 08:27:38,,Investigating,Medium,INV001,Under Investigation,411.18,0,Merchant abuse
CASE0000110,ALT00000402,CUST000044,2026-03-16 01:59:19,,Investigating,Medium,INV005,Under Investigation,1610.16,0,Credential compromise
CASE0000111,ALT00000406,CUST000570,2026-03-16 06:28:50,2026-03-18 13:28:50,Closed,Medium,INV005,False Positive,555409.81,0,Credential compromise
CASE0000112,ALT00000409,CUST000305,2026-03-16 18:12:58,,Investigating,Medium,INV002,Under Investigation,518.56,0,Merchant abuse
CASE0000113,ALT00000411,CUST000475,2026-03-17 00:43:30,2026-03-18 05:43:30,Closed,Medium,INV001,Confirmed Fraud,427173.44,317989.08,Mule account
CASE0000114,ALT00000413,CUST000409,2026-03-17 02:57:32,,Investigating,Medium,INV005,Under Investigation,6349.49,0,UPI scam
CASE0000115,ALT00000417,CUST000569,2026-03-17 10:03:42,2026-03-18 15:03:42,Closed,Medium,INV005,Customer Verified,112.58,0,UPI scam
CASE0000116,ALT00000421,CUST000202,2026-03-17 22:09:29,2026-03-18 19:09:29,Closed,Medium,INV004,False Positive,977.32,0,Mule account
CASE0000117,ALT00000423,CUST000166,2026-03-18 03:56:07,,Investigating,Medium,INV001,Under Investigation,2401.42,0,Credential compromise
CASE0000118,ALT00000430,CUST001160,2026-03-19 01:11:39,,Investigating,Medium,INV005,Under Investigation,3315.98,0,Credential compromise
CASE0000119,ALT00000432,CUST000636,2026-03-19 02:29:23,2026-03-21 10:29:23,Closed,Medium,INV005,Confirmed Fraud,3792.16,3235.74,Mule account
CASE0000120,ALT00000441,CUST000949,2026-03-20 03:22:52,2026-03-21 17:22:52,Closed,Medium,INV005,Confirmed Fraud,8854.14,3645.03,Mule account
CASE0000121,ALT00000446,CUST001951,2026-03-20 17:26:58,,Investigating,Medium,INV001,Under Investigation,142.15,0,Other
CASE0000122,ALT00000448,CUST001199,2026-03-21 00:01:55,,Investigating,Medium,INV005,Under Investigation,300052.66,0,Other
CASE0000123,ALT00000450,CUST001998,2026-03-21 03:53:36,,Investigating,Medium,INV005,Under Investigation,63108.69,0,Other
CASE0000124,ALT00000458,CUST001531,2026-03-22 03:52:34,2026-03-23 04:52:34,Closed,Medium,INV005,Customer Verified,930.66,0,Card misuse
CASE0000125,ALT00000464,CUST001911,2026-03-23 01:50:24,,Investigating,Medium,INV003,Under Investigation,1822.0,0,Card misuse
CASE0000126,ALT00000467,CUST000676,2026-03-23 05:34:23,2026-03-24 15:34:23,Closed,Medium,INV001,Customer Verified,1676.16,0,Credential compromise
CASE0000127,ALT00000468,CUST000391,2026-03-23 05:00:04,,Investigating,Medium,INV005,Under Investigation,4565.14,0,Other
CASE0000128,ALT00000472,CUST000566,2026-03-23 19:30:08,2026-03-26 19:30:08,Closed,High,INV003,Pending Evidence,290117.74,0,UPI scam
CASE0000129,ALT00000473,CUST000869,2026-03-23 19:38:04,,Investigating,Medium,INV002,Under Investigation,386523.4,0,Merchant abuse
CASE0000130,ALT00000478,CUST000796,2026-03-24 04:04:23,2026-03-27 00:04:23,Closed,Medium,INV005,Pending Evidence,6199.73,0,Merchant abuse
CASE0000131,ALT00000489,CUST000903,2026-03-25 16:02:10,,Investigating,Medium,INV002,Under Investigation,130552.86,0,Credential compromise
CASE0000132,ALT00000490,CUST001555,2026-03-26 00:23:22,,Investigating,Critical,INV003,Under Investigation,7885.33,0,Card misuse
CASE0000133,ALT00000491,CUST001959,2026-03-26 02:14:11,2026-03-29 00:14:11,Closed,Medium,INV001,Pending Evidence,3695.06,0,UPI scam
CASE0000134,ALT00000492,CUST001395,2026-03-26 02:20:48,2026-03-27 14:20:48,Closed,Medium,INV003,False Positive,4351.89,0,Merchant abuse
CASE0000135,ALT00000497,CUST000240,2026-03-26 02:55:04,,Investigating,Medium,INV001,Under Investigation,7256.23,0,Other
CASE0000136,ALT00000499,CUST000621,2026-03-26 03:18:26,2026-03-27 05:18:26,Closed,Medium,INV001,Customer Verified,3972.51,0,UPI scam
CASE0000137,ALT00000500,CUST001402,2026-03-26 05:57:06,,Investigating,Medium,INV003,Under Investigation,4586.99,0,UPI scam
CASE0000138,ALT00000508,CUST000621,2026-03-27 02:24:09,,Investigating,Medium,INV003,Under Investigation,8163.74,0,Card misuse
CASE0000139,ALT00000514,CUST001782,2026-03-28 03:03:49,,Investigating,Medium,INV001,Under Investigation,8843.73,0,Mule account
CASE0000140,ALT00000516,CUST000065,2026-03-28 04:24:12,2026-03-29 15:24:12,Closed,Medium,INV004,Customer Verified,260345.88,0,UPI scam
CASE0000141,ALT00000518,CUST000011,2026-03-28 05:01:15,,Investigating,Medium,INV005,Under Investigation,1097.22,0,Merchant abuse
CASE0000142,ALT00000519,CUST000461,2026-03-28 04:13:23,2026-03-29 11:13:23,Closed,Medium,INV003,Customer Verified,6853.46,0,Other
CASE0000143,ALT00000520,CUST000246,2026-03-28 08:36:33,2026-03-29 06:36:33,Closed,High,INV001,Pending Evidence,119531.49,0,Mule account
CASE0000144,ALT00000521,CUST001221,2026-03-28 09:07:18,,Investigating,Medium,INV004,Under Investigation,1511.44,0,Credential compromise
CASE0000145,ALT00000522,CUST000253,2026-03-28 17:47:32,2026-03-31 16:47:32,Closed,Medium,INV003,Pending Evidence,1072.23,0,Credential compromise
CASE0000146,ALT00000523,CUST001321,2026-03-28 20:57:07,,Investigating,Medium,INV003,Under Investigation,958.5,0,Mule account
CASE0000147,ALT00000529,CUST001819,2026-03-29 07:41:26,,Investigating,Critical,INV001,Under Investigation,6352.02,0,UPI scam
CASE0000148,ALT00000530,CUST001048,2026-03-29 10:00:19,2026-03-31 14:00:19,Closed,Medium,INV001,Pending Evidence,95168.99,0,Credential compromise
CASE0000149,ALT00000534,CUST000515,2026-03-29 15:24:00,,Investigating,Medium,INV001,Under Investigation,175349.87,0,Card misuse
CASE0000150,ALT00000536,CUST000274,2026-03-30 00:03:50,2026-03-30 09:03:50,Closed,Medium,INV002,Confirmed Fraud,66845.48,24837.51,Other
CASE0000151,ALT00000539,CUST001958,2026-03-30 03:19:10,,Investigating,Medium,INV001,Under Investigation,7453.91,0,UPI scam
CASE0000152,ALT00000545,CUST000172,2026-03-30 17:49:55,,Investigating,Medium,INV003,Under Investigation,671.91,0,UPI scam
CASE0000153,ALT00000547,CUST001146,2026-03-31 01:41:50,2026-04-01 06:41:50,Closed,Medium,INV004,False Positive,1701.81,0,Other
CASE0000154,ALT00000550,CUST000232,2026-03-31 02:01:29,2026-04-01 21:01:29,Closed,Medium,INV003,Customer Verified,1544.18,0,UPI scam
CASE0000155,ALT00000552,CUST000315,2026-03-31 06:24:29,,Investigating,Medium,INV003,Under Investigation,71073.93,0,Other
CASE0000156,ALT00000556,CUST000673,2026-03-31 14:38:32,,Investigating,Medium,INV003,Under Investigation,37893.74,0,Merchant abuse
CASE0000157,ALT00000557,CUST000118,2026-03-31 16:42:14,2026-04-02 00:42:14,Closed,Medium,INV001,Customer Verified,782.75,0,Card misuse
CASE0000158,ALT00000560,CUST000224,2026-04-01 01:54:04,2026-04-03 05:54:04,Closed,Medium,INV003,Customer Verified,1516.92,0,UPI scam
CASE0000159,ALT00000561,CUST001481,2026-04-01 02:18:22,2026-04-02 23:18:22,Closed,Medium,INV002,Confirmed Fraud,3749.86,1041.32,Card misuse
CASE0000160,ALT00000569,CUST001755,2026-04-01 15:02:44,,Investigating,Medium,INV002,Under Investigation,581995.88,0,Credential compromise
CASE0000161,ALT00000570,CUST001898,2026-04-01 16:04:17,,Investigating,Medium,INV004,Under Investigation,4364.67,0,UPI scam
CASE0000162,ALT00000571,CUST000153,2026-04-01 20:09:35,2026-04-04 12:09:35,Closed,Medium,INV005,False Positive,80616.55,0,Other
CASE0000163,ALT00000576,CUST001799,2026-04-02 06:55:03,2026-04-04 15:55:03,Closed,Medium,INV002,Pending Evidence,1814.49,0,Credential compromise
CASE0000164,ALT00000581,CUST000971,2026-04-03 04:16:51,,Investigating,Critical,INV002,Under Investigation,2154.3,0,UPI scam
CASE0000165,ALT00000582,CUST000075,2026-04-03 07:36:17,,Investigating,Medium,INV003,Under Investigation,385505.69,0,Merchant abuse
CASE0000166,ALT00000595,CUST001438,2026-04-05 02:59:52,,Investigating,Medium,INV005,Under Investigation,9052.89,0,Card misuse
CASE0000167,ALT00000596,CUST001376,2026-04-05 04:35:13,2026-04-05 19:35:13,Closed,Medium,INV002,Confirmed Fraud,11064.82,9070.88,Merchant abuse
CASE0000168,ALT00000601,CUST001756,2026-04-06 02:16:00,,Investigating,Medium,INV003,Under Investigation,2250.78,0,Card misuse
CASE0000169,ALT00000604,CUST000473,2026-04-06 03:58:43,,Investigating,Medium,INV005,Under Investigation,972104.27,0,Mule account
CASE0000170,ALT00000605,CUST000377,2026-04-06 04:23:03,,Investigating,Medium,INV005,Under Investigation,1715.79,0,UPI scam
CASE0000171,ALT00000608,CUST000611,2026-04-06 13:07:12,,Investigating,Medium,INV004,Under Investigation,221566.63,0,Credential compromise
CASE0000172,ALT00000611,CUST001102,2026-04-07 01:25:30,2026-04-07 16:25:30,Closed,Medium,INV002,Customer Verified,535.54,0,Card misuse
CASE0000173,ALT00000613,CUST001701,2026-04-07 02:43:38,,Investigating,Medium,INV003,Under Investigation,21775.77,0,Card misuse
CASE0000174,ALT00000617,CUST000286,2026-04-07 05:21:11,,Investigating,Medium,INV001,Under Investigation,1418534.46,0,Card misuse
CASE0000175,ALT00000618,CUST001139,2026-04-07 06:05:50,2026-04-09 02:05:50,Closed,Critical,INV002,Pending Evidence,345037.36,0,Card misuse
CASE0000176,ALT00000619,CUST000682,2026-04-07 14:06:45,2026-04-09 01:06:45,Closed,Medium,INV005,Customer Verified,13.13,0,Mule account
CASE0000177,ALT00000620,CUST001562,2026-04-08 03:03:43,,Investigating,Medium,INV005,Under Investigation,2081.54,0,Merchant abuse
CASE0000178,ALT00000622,CUST001048,2026-04-08 03:36:38,2026-04-10 03:36:38,Closed,Medium,INV001,False Positive,10279.03,0,Other
CASE0000179,ALT00000624,CUST000350,2026-04-08 06:10:45,2026-04-10 04:10:45,Closed,Medium,INV002,Customer Verified,6177.72,0,Card misuse
CASE0000180,ALT00000638,CUST000692,2026-04-09 16:14:34,,Investigating,Medium,INV005,Under Investigation,199.04,0,Mule account
CASE0000181,ALT00000640,CUST001141,2026-04-10 01:41:10,,Investigating,Medium,INV002,Under Investigation,960.6,0,Credential compromise
CASE0000182,ALT00000641,CUST001725,2026-04-10 01:49:14,2026-04-10 17:49:14,Closed,Medium,INV004,False Positive,5363.07,0,Credential compromise
CASE0000183,ALT00000642,CUST000349,2026-04-10 01:32:09,2026-04-10 18:32:09,Closed,Medium,INV005,Confirmed Fraud,1871.02,1486.59,Merchant abuse
CASE0000184,ALT00000643,CUST001361,2026-04-10 02:59:49,,Investigating,Critical,INV001,Under Investigation,333391.81,0,Merchant abuse
CASE0000185,ALT00000645,CUST000582,2026-04-10 08:24:02,,Investigating,Medium,INV002,Under Investigation,554530.33,0,Merchant abuse
CASE0000186,ALT00000650,CUST001432,2026-04-11 00:06:11,2026-04-13 21:06:11,Closed,Medium,INV001,Confirmed Fraud,53233.06,37909.82,UPI scam
CASE0000187,ALT00000652,CUST000180,2026-04-11 02:55:07,,Investigating,Medium,INV003,Under Investigation,131045.2,0,Merchant abuse
CASE0000188,ALT00000653,CUST001874,2026-04-11 05:25:08,,Investigating,Medium,INV003,Under Investigation,913539.02,0,UPI scam
CASE0000189,ALT00000654,CUST001683,2026-04-11 05:51:03,2026-04-11 07:51:03,Closed,Medium,INV003,Confirmed Fraud,5100.71,2143.12,Credential compromise
CASE0000190,ALT00000660,CUST000949,2026-04-12 06:05:44,,Investigating,Medium,INV004,Under Investigation,2366.4,0,UPI scam
CASE0000191,ALT00000664,CUST000148,2026-04-12 12:33:54,2026-04-14 09:33:54,Closed,Medium,INV001,Confirmed Fraud,1483.89,1226.17,Card misuse
CASE0000192,ALT00000672,CUST001758,2026-04-13 03:51:04,,Investigating,Medium,INV003,Under Investigation,3385.97,0,UPI scam
CASE0000193,ALT00000680,CUST000409,2026-04-14 04:14:36,,Investigating,Medium,INV004,Under Investigation,1397.06,0,UPI scam
CASE0000194,ALT00000681,CUST001902,2026-04-14 17:46:17,,Investigating,Medium,INV005,Under Investigation,831.9,0,Mule account
CASE0000195,ALT00000682,CUST001278,2026-04-15 00:27:21,,Investigating,Medium,INV005,Under Investigation,108.92,0,Other
CASE0000196,ALT00000684,CUST001782,2026-04-15 01:06:35,,Investigating,Medium,INV004,Under Investigation,7548.29,0,UPI scam
CASE0000197,ALT00000688,CUST000500,2026-04-15 05:05:01,,Investigating,Medium,INV004,Under Investigation,3082.34,0,Mule account
CASE0000198,ALT00000693,CUST001158,2026-04-16 01:57:25,2026-04-17 12:57:25,Closed,Medium,INV004,Confirmed Fraud,1125124.27,395770.99,UPI scam
CASE0000199,ALT00000697,CUST000652,2026-04-16 12:22:20,2026-04-16 17:22:20,Closed,Medium,INV002,False Positive,1029.44,0,Mule account
CASE0000200,ALT00000702,CUST001275,2026-04-17 03:10:43,,Investigating,Medium,INV002,Under Investigation,1479.83,0,Mule account
CASE0000201,ALT00000703,CUST001907,2026-04-17 04:29:27,2026-04-18 17:29:27,Closed,Medium,INV005,Pending Evidence,1164806.67,0,UPI scam
CASE0000202,ALT00000707,CUST000122,2026-04-17 10:00:17,,Investigating,Medium,INV001,Under Investigation,575201.0,0,Merchant abuse
CASE0000203,ALT00000708,CUST000976,2026-04-17 12:59:56,,Investigating,Medium,INV001,Under Investigation,739.35,0,Merchant abuse
CASE0000204,ALT00000719,CUST001309,2026-04-19 00:54:17,,Investigating,Medium,INV001,Under Investigation,2341.01,0,Other
CASE0000205,ALT00000720,CUST000949,2026-04-19 02:22:51,,Investigating,Medium,INV005,Under Investigation,2522.27,0,Card misuse
CASE0000206,ALT00000722,CUST001712,2026-04-19 02:34:59,,Investigating,Medium,INV002,Under Investigation,1924.36,0,Other
CASE0000207,ALT00000728,CUST000699,2026-04-19 23:11:32,,Investigating,Medium,INV002,Under Investigation,83.01,0,UPI scam
CASE0000208,ALT00000730,CUST001396,2026-04-19 22:28:18,2026-04-20 18:28:18,Closed,Medium,INV001,Customer Verified,243556.67,0,UPI scam
CASE0000209,ALT00000735,CUST001903,2026-04-20 03:10:21,2026-04-20 15:10:21,Closed,Medium,INV002,Customer Verified,3866.62,0,Card misuse
CASE0000210,ALT00000749,CUST001875,2026-04-22 05:02:49,,Investigating,Medium,INV005,Under Investigation,3126.79,0,Mule account
CASE0000211,ALT00000751,CUST000995,2026-04-22 16:02:16,2026-04-22 21:02:16,Closed,Medium,INV004,Customer Verified,38.81,0,Credential compromise
CASE0000212,ALT00000754,CUST000778,2026-04-23 01:30:32,2026-04-25 03:30:32,Closed,Critical,INV002,False Positive,1739.92,0,Card misuse
CASE0000213,ALT00000755,CUST000806,2026-04-23 01:05:31,2026-04-25 13:05:31,Closed,Medium,INV004,Pending Evidence,2317.21,0,Card misuse
CASE0000214,ALT00000756,CUST000328,2026-04-23 04:13:09,2026-04-26 04:13:09,Closed,Medium,INV002,Pending Evidence,3957.77,0,Merchant abuse
CASE0000215,ALT00000758,CUST001819,2026-04-23 09:35:30,,Investigating,Medium,INV005,Under Investigation,1543.62,0,Credential compromise
CASE0000216,ALT00000760,CUST000285,2026-04-24 02:20:58,,Investigating,Medium,INV004,Under Investigation,397870.71,0,UPI scam
CASE0000217,ALT00000766,CUST001036,2026-04-24 02:36:29,,Investigating,Medium,INV005,Under Investigation,4833.56,0,Merchant abuse
CASE0000218,ALT00000768,CUST001220,2026-04-24 04:15:00,,Investigating,Medium,INV002,Under Investigation,336125.0,0,UPI scam
CASE0000219,ALT00000772,CUST000106,2026-04-24 15:21:26,2026-04-26 18:21:26,Closed,Medium,INV001,Customer Verified,8295.32,0,Credential compromise
CASE0000220,ALT00000775,CUST000162,2026-04-24 22:54:24,2026-04-26 06:54:24,Closed,Medium,INV003,Confirmed Fraud,143.88,67.6,Merchant abuse
CASE0000221,ALT00000777,CUST000606,2026-04-25 03:39:54,2026-04-27 01:39:54,Closed,Medium,INV002,Pending Evidence,5710.35,0,UPI scam
CASE0000222,ALT00000780,CUST000944,2026-04-25 04:12:25,2026-04-27 11:12:25,Closed,Medium,INV003,False Positive,1467019.49,0,UPI scam
CASE0000223,ALT00000781,CUST000159,2026-04-25 05:07:08,,Investigating,Medium,INV004,Under Investigation,5836.66,0,Credential compromise
CASE0000224,ALT00000782,CUST000508,2026-04-25 09:16:31,,Investigating,Medium,INV002,Under Investigation,171310.77,0,Merchant abuse
CASE0000225,ALT00000783,CUST001901,2026-04-26 01:44:04,2026-04-28 16:44:04,Closed,Medium,INV002,False Positive,1700.8,0,Merchant abuse
CASE0000226,ALT00000786,CUST000067,2026-04-26 16:14:57,,Investigating,Critical,INV003,Under Investigation,117071.84,0,UPI scam
CASE0000227,ALT00000788,CUST001536,2026-04-26 22:22:07,,Investigating,Medium,INV003,Under Investigation,39325.28,0,Mule account
CASE0000228,ALT00000791,CUST000807,2026-04-27 02:23:16,,Investigating,Medium,INV001,Under Investigation,1048677.12,0,Card misuse
CASE0000229,ALT00000792,CUST000734,2026-04-27 03:03:20,,Investigating,Medium,INV001,Under Investigation,3448.52,0,Merchant abuse
CASE0000230,ALT00000799,CUST000722,2026-04-27 16:47:47,,Investigating,Medium,INV005,Under Investigation,113141.4,0,Mule account
CASE0000231,ALT00000804,CUST000989,2026-04-28 04:17:11,,Investigating,Medium,INV001,Under Investigation,1195527.23,0,Mule account
CASE0000232,ALT00000807,CUST000145,2026-04-29 01:21:12,,Investigating,Medium,INV004,Under Investigation,2951.97,0,Credential compromise
CASE0000233,ALT00000810,CUST000409,2026-04-29 04:14:13,2026-05-01 18:14:13,Closed,Medium,INV001,Confirmed Fraud,1428.86,1002.33,Card misuse
CASE0000234,ALT00000823,CUST001387,2026-04-30 14:41:47,2026-04-30 20:41:47,Closed,Medium,INV002,Pending Evidence,337990.16,0,Other
CASE0000235,ALT00000824,CUST001205,2026-04-30 18:21:53,,Investigating,Critical,INV001,Under Investigation,419247.7,0,Other
CASE0000236,ALT00000833,CUST001383,2026-05-01 18:21:52,2026-05-03 19:21:52,Closed,Medium,INV005,Customer Verified,281226.81,0,Merchant abuse
CASE0000237,ALT00000834,CUST000146,2026-05-01 21:46:34,,Investigating,Medium,INV003,Under Investigation,532231.87,0,Card misuse
CASE0000238,ALT00000835,CUST001712,2026-05-02 01:21:49,,Investigating,Medium,INV002,Under Investigation,3082.14,0,Mule account
CASE0000239,ALT00000841,CUST001588,2026-05-02 07:04:08,,Investigating,High,INV003,Under Investigation,1191.12,0,UPI scam
CASE0000240,ALT00000844,CUST001454,2026-05-03 01:29:56,,Investigating,Medium,INV005,Under Investigation,536682.38,0,UPI scam
CASE0000241,ALT00000848,CUST001102,2026-05-03 02:43:35,,Investigating,Medium,INV003,Under Investigation,758240.3,0,UPI scam
CASE0000242,ALT00000857,CUST001008,2026-05-03 19:03:03,,Investigating,Medium,INV001,Under Investigation,178296.0,0,Merchant abuse
CASE0000243,ALT00000861,CUST000015,2026-05-04 04:01:02,2026-05-06 00:01:02,Closed,Medium,INV004,Pending Evidence,9827.22,0,Merchant abuse
CASE0000244,ALT00000870,CUST000109,2026-05-05 05:14:36,,Investigating,Medium,INV003,Under Investigation,2475.97,0,Mule account
CASE0000245,ALT00000882,CUST000299,2026-05-06 04:05:38,,Investigating,Medium,INV002,Under Investigation,2888.48,0,Mule account
CASE0000246,ALT00000883,CUST000386,2026-05-06 14:41:12,,Investigating,Medium,INV002,Under Investigation,123361.55,0,Merchant abuse
CASE0000247,ALT00000889,CUST001786,2026-05-07 05:51:16,2026-05-07 06:51:16,Closed,Medium,INV002,Customer Verified,5261.06,0,Credential compromise
CASE0000248,ALT00000903,CUST001264,2026-05-08 21:10:57,2026-05-11 10:10:57,Closed,Critical,INV005,Customer Verified,69950.97,0,Merchant abuse
CASE0000249,ALT00000904,CUST000828,2026-05-08 23:55:04,2026-05-09 21:55:04,Closed,Medium,INV004,Pending Evidence,259.62,0,Other
CASE0000250,ALT00000907,CUST001998,2026-05-09 06:21:25,2026-05-09 13:21:25,Closed,Medium,INV004,Pending Evidence,1117186.21,0,Merchant abuse
CASE0000251,ALT00000911,CUST000673,2026-05-09 23:45:06,2026-05-11 08:45:06,Closed,Medium,INV005,False Positive,124265.51,0,Credential compromise
CASE0000252,ALT00000912,CUST001578,2026-05-10 03:24:42,2026-05-10 17:24:42,Closed,Medium,INV002,Pending Evidence,1329.21,0,Credential compromise
CASE0000253,ALT00000920,CUST001010,2026-05-11 07:38:16,,Investigating,Medium,INV003,Under Investigation,574055.66,0,Mule account
CASE0000254,ALT00000921,CUST000188,2026-05-11 08:27:38,,Investigating,Medium,INV003,Under Investigation,121.67,0,Credential compromise
CASE0000255,ALT00000929,CUST000949,2026-05-12 03:58:19,,Investigating,Medium,INV002,Under Investigation,12057.14,0,Merchant abuse
CASE0000256,ALT00000930,CUST000297,2026-05-12 09:35:09,,Investigating,Medium,INV002,Under Investigation,57251.24,0,Mule account
CASE0000257,ALT00000932,CUST001528,2026-05-12 20:14:51,2026-05-15 03:14:51,Closed,Critical,INV002,Customer Verified,1069409.72,0,Mule account
CASE0000258,ALT00000936,CUST001807,2026-05-13 05:33:51,,Investigating,Medium,INV004,Under Investigation,8634.45,0,Card misuse
CASE0000259,ALT00000944,CUST000090,2026-05-14 02:02:59,,Investigating,Medium,INV002,Under Investigation,827837.55,0,Merchant abuse
CASE0000260,ALT00000945,CUST001956,2026-05-14 02:12:38,2026-05-14 13:12:38,Closed,Medium,INV001,Customer Verified,1305.76,0,Card misuse
CASE0000261,ALT00000946,CUST000005,2026-05-14 01:34:38,,Investigating,Medium,INV001,Under Investigation,2728.76,0,Card misuse
CASE0000262,ALT00000950,CUST000706,2026-05-14 03:43:55,,Investigating,Critical,INV004,Under Investigation,205437.73,0,Other
CASE0000263,ALT00000951,CUST001684,2026-05-14 05:18:39,2026-05-15 09:18:39,Closed,Medium,INV001,Confirmed Fraud,3780.09,1007.89,Other
CASE0000264,ALT00000956,CUST001059,2026-05-15 01:19:31,,Investigating,Medium,INV003,Under Investigation,6837.59,0,Merchant abuse
CASE0000265,ALT00000963,CUST001610,2026-05-16 02:27:42,2026-05-17 04:27:42,Closed,Medium,INV002,Pending Evidence,13836.92,0,Merchant abuse
CASE0000266,ALT00000964,CUST000610,2026-05-16 02:57:53,2026-05-18 22:57:53,Closed,Medium,INV001,Customer Verified,15876.98,0,Card misuse
CASE0000267,ALT00000966,CUST001935,2026-05-16 05:57:03,2026-05-18 13:57:03,Closed,Critical,INV002,False Positive,2964.61,0,Merchant abuse
CASE0000268,ALT00000968,CUST000210,2026-05-16 10:26:06,2026-05-18 07:26:06,Closed,Medium,INV001,Confirmed Fraud,1770.2,622.44,Other
CASE0000269,ALT00000970,CUST000755,2026-05-16 22:26:46,,Investigating,Medium,INV001,Under Investigation,157458.34,0,Credential compromise
CASE0000270,ALT00000977,CUST001463,2026-05-18 03:45:19,,Investigating,Medium,INV002,Under Investigation,2947.19,0,Merchant abuse
CASE0000271,ALT00000978,CUST001012,2026-05-18 03:45:26,2026-05-18 05:45:26,Closed,Medium,INV005,Customer Verified,271487.58,0,UPI scam
CASE0000272,ALT00000979,CUST000420,2026-05-18 04:46:05,,Investigating,Medium,INV001,Under Investigation,1432.34,0,Credential compromise
CASE0000273,ALT00000988,CUST000983,2026-05-19 00:18:02,,Investigating,Medium,INV003,Under Investigation,544793.27,0,UPI scam
CASE0000274,ALT00000993,CUST000069,2026-05-19 22:58:37,2026-05-20 11:58:37,Closed,Critical,INV005,Pending Evidence,4663.03,0,Merchant abuse
CASE0000275,ALT00000995,CUST000166,2026-05-20 01:56:51,,Investigating,Medium,INV003,Under Investigation,93568.83,0,Card misuse
CASE0000276,ALT00001003,CUST000477,2026-05-22 00:25:34,2026-05-23 08:25:34,Closed,Critical,INV004,False Positive,121869.79,0,Merchant abuse
CASE0000277,ALT00001005,CUST001679,2026-05-22 02:55:20,2026-05-24 19:55:20,Closed,Medium,INV005,Pending Evidence,24832.18,0,Mule account
CASE0000278,ALT00001007,CUST001786,2026-05-22 06:05:19,,Investigating,Critical,INV005,Under Investigation,1502.51,0,Card misuse
CASE0000279,ALT00001010,CUST000273,2026-05-22 22:26:03,,Investigating,High,INV001,Under Investigation,8089.88,0,Other
CASE0000280,ALT00001015,CUST001654,2026-05-23 05:12:41,,Investigating,Medium,INV004,Under Investigation,3465.38,0,Merchant abuse
CASE0000281,ALT00001017,CUST001606,2026-05-23 05:02:52,,Investigating,Medium,INV005,Under Investigation,2710.7,0,Other
CASE0000282,ALT00001018,CUST001625,2026-05-23 18:28:57,2026-05-26 04:28:57,Closed,Critical,INV004,Pending Evidence,125629.16,0,Merchant abuse
CASE0000283,ALT00001023,CUST001962,2026-05-24 04:41:57,,Investigating,Medium,INV005,Under Investigation,17665.35,0,Other
CASE0000284,ALT00001027,CUST000215,2026-05-25 10:04:30,,Investigating,Medium,INV001,Under Investigation,486782.57,0,Credential compromise
CASE0000285,ALT00001029,CUST000754,2026-05-25 19:16:17,,Investigating,Medium,INV004,Under Investigation,67267.97,0,Merchant abuse
CASE0000286,ALT00001034,CUST000572,2026-05-26 04:04:25,2026-05-26 12:04:25,Closed,Critical,INV001,Customer Verified,1162.95,0,Merchant abuse
CASE0000287,ALT00001035,CUST001786,2026-05-26 03:54:34,,Investigating,Medium,INV001,Under Investigation,5512.78,0,Credential compromise
CASE0000288,ALT00001036,CUST001346,2026-05-26 04:52:37,2026-05-29 04:52:37,Closed,Medium,INV004,Confirmed Fraud,899059.13,425028.58,Mule account
CASE0000289,ALT00001045,CUST001384,2026-05-27 10:39:48,,Investigating,Medium,INV004,Under Investigation,306382.99,0,UPI scam
CASE0000290,ALT00001047,CUST000685,2026-05-27 12:34:44,2026-05-30 06:34:44,Closed,Medium,INV005,False Positive,45588.67,0,Mule account
CASE0000291,ALT00001053,CUST000346,2026-05-28 01:48:51,,Investigating,Medium,INV004,Under Investigation,1872.84,0,Credential compromise
CASE0000292,ALT00001054,CUST000299,2026-05-28 01:39:46,,Investigating,Medium,INV005,Under Investigation,7608.74,0,Merchant abuse
CASE0000293,ALT00001066,CUST001249,2026-05-29 02:21:20,,Investigating,Critical,INV002,Under Investigation,320083.9,0,Card misuse
CASE0000294,ALT00001070,CUST001971,2026-05-29 03:49:30,,Investigating,Medium,INV004,Under Investigation,1257.53,0,Card misuse
CASE0000295,ALT00001071,CUST001439,2026-05-29 04:56:37,2026-05-30 00:56:37,Closed,Medium,INV005,Pending Evidence,1738.5,0,Credential compromise
CASE0000296,ALT00001072,CUST001381,2026-05-29 03:55:28,,Investigating,Medium,INV003,Under Investigation,4220.5,0,Other
CASE0000297,ALT00001081,CUST001846,2026-05-29 18:34:31,2026-05-31 23:34:31,Closed,Medium,INV003,False Positive,373313.46,0,Other
CASE0000298,ALT00001093,CUST000281,2026-05-31 03:22:55,2026-06-03 03:22:55,Closed,Medium,INV001,Customer Verified,4907.58,0,Card misuse
CASE0000299,ALT00001097,CUST000557,2026-05-31 06:18:18,,Investigating,Medium,INV001,Under Investigation,2313.44,0,Card misuse
CASE0000300,ALT00001109,CUST001136,2026-06-01 19:44:50,2026-06-04 12:44:50,Closed,Medium,INV003,Pending Evidence,336463.14,0,Merchant abuse
CASE0000301,ALT00001117,CUST001919,2026-06-02 18:28:03,,Investigating,Medium,INV003,Under Investigation,294179.56,0,Merchant abuse
CASE0000302,ALT00001121,CUST000404,2026-06-03 04:54:18,2026-06-03 16:54:18,Closed,Medium,INV003,Confirmed Fraud,1310914.91,781704.75,Credential compromise
CASE0000303,ALT00001124,CUST000634,2026-06-03 16:49:21,2026-06-04 19:49:21,Closed,Medium,INV005,Pending Evidence,28029.07,0,UPI scam
CASE0000304,ALT00001129,CUST000070,2026-06-04 01:45:37,2026-06-06 19:45:37,Closed,Medium,INV005,False Positive,10372.12,0,Merchant abuse
CASE0000305,ALT00001135,CUST001078,2026-06-05 00:14:41,2026-06-06 10:14:41,Closed,Critical,INV003,Pending Evidence,4298.94,0,UPI scam
CASE0000306,ALT00001140,CUST001505,2026-06-05 11:50:45,2026-06-06 14:50:45,Closed,Medium,INV005,Pending Evidence,610.02,0,Credential compromise
CASE0000307,ALT00001142,CUST000183,2026-06-05 20:39:08,2026-06-07 07:39:08,Closed,High,INV002,Confirmed Fraud,490768.9,165238.33,UPI scam
CASE0000308,ALT00001144,CUST000395,2026-06-05 20:59:23,,Investigating,Medium,INV005,Under Investigation,50862.59,0,Credential compromise
CASE0000309,ALT00001145,CUST000225,2026-06-06 01:50:53,2026-06-07 14:50:53,Closed,Medium,INV001,Confirmed Fraud,20023.39,12154.9,Other
CASE0000310,ALT00001146,CUST000611,2026-06-06 01:42:26,,Investigating,Medium,INV005,Under Investigation,112.86,0,UPI scam
CASE0000311,ALT00001148,CUST000590,2026-06-06 02:17:36,2026-06-08 23:17:36,Closed,Medium,INV004,False Positive,2586.54,0,UPI scam
CASE0000312,ALT00001151,CUST000078,2026-06-06 04:25:50,,Investigating,Medium,INV002,Under Investigation,6751.67,0,Merchant abuse
CASE0000313,ALT00001157,CUST000941,2026-06-06 15:48:56,,Investigating,Medium,INV003,Under Investigation,305303.92,0,Mule account
CASE0000314,ALT00001158,CUST000269,2026-06-07 00:03:08,,Investigating,Medium,INV004,Under Investigation,6081.6,0,Card misuse
CASE0000315,ALT00001162,CUST001187,2026-06-07 16:28:24,2026-06-09 05:28:24,Closed,Medium,INV001,Customer Verified,135.24,0,Credential compromise
CASE0000316,ALT00001167,CUST000261,2026-06-08 04:25:20,2026-06-09 10:25:20,Closed,Medium,INV002,Pending Evidence,2223.35,0,Mule account
CASE0000317,ALT00001168,CUST000520,2026-06-08 05:56:40,,Investigating,Critical,INV003,Under Investigation,108192.48,0,Card misuse
CASE0000318,ALT00001173,CUST000558,2026-06-09 02:42:00,,Investigating,Medium,INV003,Under Investigation,1338991.91,0,Credential compromise
CASE0000319,ALT00001180,CUST001587,2026-06-10 01:32:59,2026-06-12 04:32:59,Closed,Medium,INV005,False Positive,3833.12,0,UPI scam
CASE0000320,ALT00001183,CUST000011,2026-06-10 05:02:41,,Investigating,Medium,INV002,Under Investigation,10348.03,0,Mule account
CASE0000321,ALT00001187,CUST000518,2026-06-10 16:37:23,,Investigating,Medium,INV001,Under Investigation,4445.54,0,Credential compromise
CASE0000322,ALT00001190,CUST001878,2026-06-11 00:29:51,2026-06-13 05:29:51,Closed,Medium,INV003,False Positive,15195.0,0,Other
CASE0000323,ALT00001194,CUST001525,2026-06-11 02:38:11,,Investigating,Medium,INV001,Under Investigation,2039.67,0,Card misuse
CASE0000324,ALT00001195,CUST000011,2026-06-11 03:51:14,,Investigating,Medium,INV004,Under Investigation,4277.93,0,Credential compromise
CASE0000325,ALT00001196,CUST000368,2026-06-11 03:50:50,2026-06-12 01:50:50,Closed,Medium,INV001,False Positive,1034468.68,0,Mule account
CASE0000326,ALT00001198,CUST000432,2026-06-11 19:01:00,,Investigating,Medium,INV005,Under Investigation,486534.15,0,Credential compromise
CASE0000327,ALT00001200,CUST001578,2026-06-12 02:28:28,2026-06-12 18:28:28,Closed,Medium,INV004,False Positive,527369.2,0,Merchant abuse
CASE0000328,ALT00001203,CUST000381,2026-06-12 01:41:32,2026-06-13 18:41:32,Closed,Medium,INV005,Customer Verified,3418.67,0,Mule account
CASE0000329,ALT00001210,CUST001496,2026-06-12 15:10:38,,Investigating,Medium,INV003,Under Investigation,285200.48,0,Mule account
CASE0000330,ALT00001217,CUST000642,2026-06-13 09:29:14,2026-06-14 16:29:14,Closed,Medium,INV001,Pending Evidence,305.91,0,Card misuse
CASE0000331,ALT00001218,CUST000824,2026-06-13 08:24:36,,Investigating,Medium,INV001,Under Investigation,83921.95,0,Other
CASE0000332,ALT00001225,CUST001901,2026-06-14 03:54:06,2026-06-15 12:54:06,Closed,Medium,INV002,Confirmed Fraud,6240.79,4697.13,UPI scam
CASE0000333,ALT00001230,CUST000161,2026-06-14 06:40:59,2026-06-16 16:40:59,Closed,Medium,INV003,Confirmed Fraud,769.09,657.9,Mule account
CASE0000334,ALT00001231,CUST000011,2026-06-14 08:13:33,2026-06-15 01:13:33,Closed,Critical,INV004,Confirmed Fraud,1221.12,683.06,Merchant abuse
CASE0000335,ALT00001232,CUST001421,2026-06-14 15:23:41,,Investigating,Medium,INV002,Under Investigation,546252.77,0,Other
CASE0000336,ALT00001234,CUST000093,2026-06-14 23:32:13,2026-06-15 10:32:13,Closed,Medium,INV005,False Positive,2944.38,0,Other
CASE0000337,ALT00001238,CUST001801,2026-06-15 05:10:02,,Investigating,Medium,INV001,Under Investigation,1250.1,0,Mule account
CASE0000338,ALT00001239,CUST000857,2026-06-15 06:13:55,,Investigating,Medium,INV002,Under Investigation,449.75,0,Merchant abuse
CASE0000339,ALT00001240,CUST001818,2026-06-15 12:33:32,,Investigating,Medium,INV004,Under Investigation,406.76,0,Other
CASE0000340,ALT00001244,CUST001552,2026-06-15 22:19:38,2026-06-16 18:19:38,Closed,Medium,INV002,Customer Verified,574181.57,0,Mule account
CASE0000341,ALT00001252,CUST000238,2026-06-16 04:35:44,,Investigating,Medium,INV002,Under Investigation,2846.14,0,Other
CASE0000342,ALT00001253,CUST000741,2026-06-16 15:38:35,2026-06-17 15:38:35,Closed,Medium,INV002,Confirmed Fraud,714.87,191.99,Other
CASE0000343,ALT00001259,CUST001891,2026-06-17 02:40:35,,Investigating,Medium,INV003,Under Investigation,4037.0,0,Merchant abuse
CASE0000344,ALT00001262,CUST001353,2026-06-17 04:58:20,2026-06-18 11:58:20,Closed,Medium,INV001,Pending Evidence,575.26,0,Other
CASE0000345,ALT00001265,CUST000727,2026-06-17 21:10:34,,Investigating,Critical,INV002,Under Investigation,107676.04,0,Card misuse
CASE0000346,ALT00001268,CUST000734,2026-06-18 01:08:12,2026-06-19 13:08:12,Closed,Medium,INV004,Customer Verified,3655.01,0,UPI scam
CASE0000347,ALT00001270,CUST000074,2026-06-18 01:35:57,2026-06-20 23:35:57,Closed,Medium,INV001,Customer Verified,444285.88,0,UPI scam
CASE0000348,ALT00001271,CUST000525,2026-06-18 03:38:30,,Investigating,Medium,INV001,Under Investigation,7483.44,0,Merchant abuse
CASE0000349,ALT00001272,CUST000250,2026-06-18 08:08:11,2026-06-18 13:08:11,Closed,Medium,INV003,Confirmed Fraud,526.14,363.95,UPI scam
CASE0000350,ALT00001278,CUST000375,2026-06-19 02:13:17,,Investigating,Medium,INV005,Under Investigation,3337.04,0,Merchant abuse
CASE0000351,ALT00001281,CUST001879,2026-06-19 03:14:55,2026-06-19 13:14:55,Closed,Medium,INV004,Pending Evidence,4217.67,0,Card misuse
CASE0000352,ALT00001282,CUST001153,2026-06-19 04:20:46,,Investigating,Medium,INV004,Under Investigation,1354.18,0,Other
CASE0000353,ALT00001283,CUST001206,2026-06-19 10:53:15,2026-06-21 04:53:15,Closed,Medium,INV003,False Positive,105590.79,0,Merchant abuse
CASE0000354,ALT00001285,CUST000605,2026-06-20 04:00:31,,Investigating,Medium,INV002,Under Investigation,13422.54,0,UPI scam
CASE0000355,ALT00001290,CUST001870,2026-06-20 12:11:26,,Investigating,Critical,INV004,Under Investigation,193970.87,0,Mule account
CASE0000356,ALT00001302,CUST000423,2026-06-22 03:39:04,2026-06-23 21:39:04,Closed,Medium,INV001,Confirmed Fraud,5804.33,1900.0,Other
CASE0000357,ALT00001304,CUST000999,2026-06-22 04:14:41,2026-06-23 23:14:41,Closed,Medium,INV003,Customer Verified,3865.97,0,UPI scam
CASE0000358,ALT00001313,CUST001192,2026-06-23 01:47:00,,Investigating,Medium,INV002,Under Investigation,216463.96,0,Mule account
CASE0000359,ALT00001316,CUST000141,2026-06-23 03:22:47,,Investigating,Medium,INV001,Under Investigation,1494.1,0,Credential compromise
CASE0000360,ALT00001322,CUST001748,2026-06-23 14:36:35,2026-06-25 21:36:35,Closed,Medium,INV004,Customer Verified,348943.9,0,Merchant abuse
CASE0000361,ALT00001330,CUST000764,2026-06-24 04:12:56,,Investigating,Medium,INV001,Under Investigation,1797.8,0,Mule account
CASE0000362,ALT00001339,CUST001554,2026-06-25 02:22:12,,Investigating,Medium,INV003,Under Investigation,4860.72,0,Mule account
CASE0000363,ALT00001351,CUST001401,2026-06-26 09:52:17,2026-06-28 09:52:17,Closed,Medium,INV002,False Positive,2280.25,0,UPI scam
CASE0000364,ALT00001352,CUST000875,2026-06-26 15:15:48,2026-06-27 09:15:48,Closed,Medium,INV002,False Positive,2861.36,0,Credential compromise
CASE0000365,ALT00001368,CUST001061,2026-06-28 21:08:46,2026-06-29 04:08:46,Closed,Medium,INV005,False Positive,127.17,0,Credential compromise
CASE0000366,ALT00001371,CUST001683,2026-06-29 02:22:12,2026-06-29 12:22:12,Closed,Medium,INV005,False Positive,550.99,0,Mule account
CASE0000367,ALT00001380,CUST000704,2026-06-30 08:59:31,2026-07-01 07:59:31,Closed,Medium,INV004,Confirmed Fraud,281722.22,144781.36,UPI scam
CASE0000368,ALT00001382,CUST000640,2026-06-30 11:11:44,,Investigating,Medium,INV001,Under Investigation,1531.29,0,Credential compromise
CASE0000369,ALT00001385,CUST001876,2026-07-01 01:34:13,2026-07-04 00:34:13,Closed,Medium,INV001,Confirmed Fraud,1084874.2,586561.87,Other
CASE0000370,ALT00001388,CUST001709,2026-07-01 03:19:49,,Investigating,Medium,INV003,Under Investigation,605815.78,0,Card misuse
CASE0000371,ALT00001394,CUST001407,2026-07-01 12:07:25,2026-07-02 12:07:25,Closed,Medium,INV005,False Positive,362.78,0,UPI scam
CASE0000372,ALT00001397,CUST000072,2026-07-02 00:11:45,2026-07-03 07:11:45,Closed,Medium,INV004,Pending Evidence,1735.33,0,Merchant abuse
CASE0000373,ALT00001398,CUST001809,2026-07-02 01:11:09,2026-07-04 17:11:09,Closed,Medium,INV005,Customer Verified,432319.48,0,UPI scam
CASE0000374,ALT00001401,CUST001006,2026-07-02 02:54:18,,Investigating,Medium,INV002,Under Investigation,235633.61,0,Mule account
CASE0000375,ALT00001408,CUST000964,2026-07-02 11:56:41,2026-07-05 05:56:41,Closed,High,INV003,Confirmed Fraud,552363.5,222663.11,Mule account
CASE0000376,ALT00001409,CUST000847,2026-07-02 15:58:01,,Investigating,Medium,INV002,Under Investigation,309072.27,0,Credential compromise
CASE0000377,ALT00001411,CUST000400,2026-07-02 19:55:12,2026-07-04 22:55:12,Closed,Medium,INV003,Pending Evidence,1177.34,0,Card misuse
CASE0000378,ALT00001414,CUST000798,2026-07-03 03:54:29,,Investigating,Medium,INV005,Under Investigation,3822.61,0,Credential compromise
CASE0000379,ALT00001416,CUST001466,2026-07-03 04:04:28,,Investigating,Medium,INV003,Under Investigation,1406007.03,0,Credential compromise
CASE0000380,ALT00001417,CUST000446,2026-07-03 05:36:26,,Investigating,Medium,INV004,Under Investigation,6504.75,0,Card misuse
CASE0000381,ALT00001419,CUST000381,2026-07-03 04:35:01,,Investigating,Medium,INV003,Under Investigation,1809.61,0,Card misuse
CASE0000382,ALT00001422,CUST000182,2026-07-03 16:17:32,2026-07-04 12:17:32,Closed,Medium,INV005,Confirmed Fraud,40.84,9.61,Mule account
CASE0000383,ALT00001431,CUST001686,2026-07-04 16:35:22,2026-07-07 08:35:22,Closed,Medium,INV005,Pending Evidence,6232.72,0,Merchant abuse
CASE0000384,ALT00001435,CUST001957,2026-07-05 02:43:28,,Investigating,Medium,INV005,Under Investigation,3202.94,0,Credential compromise
CASE0000385,ALT00001447,CUST000458,2026-07-06 01:47:48,,Investigating,Medium,INV004,Under Investigation,1177708.32,0,Card misuse
CASE0000386,ALT00001448,CUST001709,2026-07-06 04:23:52,2026-07-07 05:23:52,Closed,Medium,INV004,Customer Verified,2969.14,0,Other
CASE0000387,ALT00001450,CUST000195,2026-07-06 08:18:33,2026-07-07 23:18:33,Closed,Medium,INV001,Customer Verified,503365.65,0,Credential compromise
CASE0000388,ALT00001451,CUST001872,2026-07-06 12:42:52,,Investigating,Medium,INV004,Under Investigation,13728.42,0,Other
CASE0000389,ALT00001456,CUST000472,2026-07-07 05:21:00,,Investigating,Medium,INV002,Under Investigation,9899.04,0,Mule account
CASE0000390,ALT00001463,CUST000002,2026-07-08 17:24:59,,Investigating,High,INV002,Under Investigation,9157.16,0,Mule account
CASE0000391,ALT00001464,CUST001793,2026-07-08 19:22:00,2026-07-10 14:22:00,Closed,Medium,INV004,Customer Verified,151949.61,0,Card misuse
CASE0000392,ALT00001465,CUST000199,2026-07-08 21:34:07,,Investigating,High,INV002,Under Investigation,493651.73,0,Card misuse
CASE0000393,ALT00001467,CUST000750,2026-07-09 01:44:45,,Investigating,Medium,INV001,Under Investigation,3477.43,0,Credential compromise
CASE0000394,ALT00001469,CUST000880,2026-07-09 03:09:48,2026-07-09 21:09:48,Closed,Medium,INV002,Confirmed Fraud,227886.69,149661.61,UPI scam
CASE0000395,ALT00001477,CUST001558,2026-07-10 04:48:18,,Investigating,Medium,INV003,Under Investigation,5931.31,0,Other
CASE0000396,ALT00001481,CUST001589,2026-07-11 03:38:17,2026-07-13 07:38:17,Closed,Medium,INV005,Pending Evidence,1290824.1,0,Merchant abuse
CASE0000397,ALT00001483,CUST001239,2026-07-11 13:38:35,,Investigating,Medium,INV003,Under Investigation,192532.64,0,Merchant abuse
CASE0000398,ALT00001487,CUST000889,2026-07-12 02:02:24,2026-07-14 01:02:24,Closed,Medium,INV001,Customer Verified,2670.97,0,Merchant abuse
CASE0000399,ALT00001489,CUST000089,2026-07-12 01:43:40,,Investigating,High,INV002,Under Investigation,423.96,0,Merchant abuse
CASE0000400,ALT00001495,CUST001415,2026-07-12 06:32:50,2026-07-14 10:32:50,Closed,Medium,INV001,Confirmed Fraud,3648.74,2050.1,UPI scam
CASE0000401,ALT00001500,CUST000271,2026-07-13 01:58:23,,Investigating,Medium,INV005,Under Investigation,4768.28,0,UPI scam
CASE0000402,ALT00001502,CUST000806,2026-07-13 04:07:58,2026-07-14 21:07:58,Closed,Medium,INV002,Customer Verified,1299.75,0,Other
CASE0000403,ALT00001509,CUST000541,2026-07-14 03:53:18,2026-07-16 15:53:18,Closed,Medium,INV002,Confirmed Fraud,4139.86,2145.43,Card misuse
CASE0000404,ALT00001511,CUST000184,2026-07-14 04:24:58,,Investigating,Medium,INV002,Under Investigation,24417.88,0,Credential compromise
CASE0000405,ALT00001514,CUST001210,2026-07-14 21:25:04,2026-07-17 17:25:04,Closed,Medium,INV001,Customer Verified,21.02,0,Merchant abuse
CASE0000406,ALT00001519,CUST001779,2026-07-15 01:58:53,2026-07-15 22:58:53,Closed,Medium,INV002,False Positive,8306.42,0,Card misuse
CASE0000407,ALT00001520,CUST001722,2026-07-15 01:46:31,2026-07-16 15:46:31,Closed,Medium,INV004,Confirmed Fraud,2176.09,645.09,Mule account
CASE0000408,ALT00001521,CUST000492,2026-07-15 01:59:27,,Investigating,Medium,INV005,Under Investigation,3050.41,0,UPI scam
CASE0000409,ALT00001525,CUST000169,2026-07-15 05:01:54,,Investigating,Medium,INV002,Under Investigation,8090.44,0,UPI scam
CASE0000410,ALT00001528,CUST001204,2026-07-15 06:48:09,2026-07-18 06:48:09,Closed,Medium,INV002,Customer Verified,21.29,0,Card misuse
CASE0000411,ALT00001530,CUST000249,2026-07-15 08:01:11,2026-07-16 14:01:11,Closed,Medium,INV003,Customer Verified,54189.06,0,Credential compromise
CASE0000412,ALT00001532,CUST000918,2026-07-16 02:51:04,2026-07-16 23:51:04,Closed,Critical,INV005,False Positive,3546.34,0,Credential compromise
CASE0000413,ALT00001538,CUST001493,2026-07-17 07:43:04,2026-07-17 15:43:04,Closed,Medium,INV002,Pending Evidence,724.83,0,Merchant abuse
CASE0000414,ALT00001540,CUST000261,2026-07-17 12:55:33,,Investigating,High,INV004,Under Investigation,3296.31,0,Other
CASE0000415,ALT00001543,CUST001479,2026-07-17 19:55:56,,Investigating,Medium,INV003,Under Investigation,262483.59,0,Merchant abuse
CASE0000416,ALT00001544,CUST000118,2026-07-17 22:30:12,,Investigating,High,INV001,Under Investigation,419204.51,0,UPI scam
CASE0000417,ALT00001552,CUST001072,2026-07-18 06:56:11,,Investigating,Medium,INV001,Under Investigation,1044.93,0,Other
CASE0000418,ALT00001553,CUST000353,2026-07-18 08:22:34,,Investigating,Medium,INV001,Under Investigation,519912.48,0,Merchant abuse
CASE0000419,ALT00001555,CUST000317,2026-07-18 13:23:59,,Investigating,Medium,INV002,Under Investigation,148.79,0,UPI scam
CASE0000420,ALT00001557,CUST001343,2026-07-18 16:57:14,,Investigating,Medium,INV002,Under Investigation,25.01,0,Mule account
CASE0000421,ALT00001559,CUST001300,2026-07-19 01:38:50,2026-07-20 21:38:50,Closed,Medium,INV003,Pending Evidence,63.15,0,Mule account
CASE0000422,ALT00001564,CUST001687,2026-07-19 06:48:14,2026-07-21 03:48:14,Closed,Medium,INV005,Customer Verified,211482.04,0,Card misuse
CASE0000423,ALT00001579,CUST001871,2026-07-21 04:57:25,,Investigating,Medium,INV005,Under Investigation,476352.11,0,Other
CASE0000424,ALT00001585,CUST000834,2026-07-22 02:32:16,,Investigating,Medium,INV004,Under Investigation,3430.27,0,Merchant abuse
CASE0000425,ALT00001586,CUST001037,2026-07-22 06:04:20,,Investigating,Medium,INV005,Under Investigation,929904.63,0,Merchant abuse
CASE0000426,ALT00001590,CUST001696,2026-07-22 10:01:05,2026-07-25 08:01:05,Closed,Medium,INV004,False Positive,105195.16,0,UPI scam
CASE0000427,ALT00001596,CUST001150,2026-07-23 02:06:15,2026-07-23 20:06:15,Closed,Medium,INV003,Pending Evidence,147672.38,0,Mule account
CASE0000428,ALT00001599,CUST001227,2026-07-23 09:23:11,,Investigating,Critical,INV003,Under Investigation,396409.54,0,Mule account
CASE0000429,ALT00001601,CUST001016,2026-07-23 15:38:06,2026-07-24 12:38:06,Closed,Medium,INV005,Confirmed Fraud,3592.82,1372.93,Other
CASE0000430,ALT00001605,CUST001191,2026-07-24 01:27:11,,Investigating,Medium,INV004,Under Investigation,3330.68,0,Merchant abuse
CASE0000431,ALT00001610,CUST000923,2026-07-24 08:41:29,,Investigating,Medium,INV001,Under Investigation,222726.51,0,Mule account
CASE0000432,ALT00001623,CUST001471,2026-07-26 02:56:39,,Investigating,Critical,INV005,Under Investigation,13796.74,0,Merchant abuse
CASE0000433,ALT00001625,CUST001416,2026-07-26 13:43:37,2026-07-29 05:43:37,Closed,Medium,INV001,Customer Verified,2486.48,0,Merchant abuse
CASE0000434,ALT00001626,CUST001047,2026-07-26 12:23:43,2026-07-28 02:23:43,Closed,High,INV003,Customer Verified,135261.97,0,Mule account
CASE0000435,ALT00001627,CUST001294,2026-07-26 14:47:27,2026-07-26 17:47:27,Closed,High,INV002,Pending Evidence,333464.48,0,Card misuse
CASE0000436,ALT00001628,CUST001818,2026-07-26 15:06:10,2026-07-29 07:06:10,Closed,Medium,INV004,Confirmed Fraud,321144.19,105895.05,Mule account
CASE0000437,ALT00001631,CUST000484,2026-07-27 00:46:19,2026-07-28 06:46:19,Closed,Medium,INV001,Customer Verified,1948.85,0,Merchant abuse
CASE0000438,ALT00001634,CUST000653,2026-07-27 04:41:29,,Investigating,Medium,INV005,Under Investigation,2470.83,0,UPI scam
CASE0000439,ALT00001635,CUST001184,2026-07-27 04:56:09,2026-07-29 01:56:09,Closed,Critical,INV003,Customer Verified,197470.93,0,Mule account
CASE0000440,ALT00001638,CUST001083,2026-07-27 18:18:52,,Investigating,Medium,INV001,Under Investigation,51.6,0,Mule account
CASE0000441,ALT00001642,CUST001986,2026-07-28 03:52:41,,Investigating,Medium,INV001,Under Investigation,1315.93,0,Mule account
CASE0000442,ALT00001645,CUST000620,2026-07-28 05:51:22,,Investigating,Medium,INV003,Under Investigation,5698.13,0,UPI scam
CASE0000443,ALT00001661,CUST000129,2026-07-29 16:52:44,,Investigating,Medium,INV005,Under Investigation,49.16,0,Mule account
CASE0000444,ALT00001662,CUST001273,2026-07-29 20:06:32,,Investigating,High,INV003,Under Investigation,518748.87,0,Credential compromise
CASE0000445,ALT00001663,CUST000707,2026-07-29 21:13:40,,Investigating,High,INV003,Under Investigation,1212.3,0,Other
CASE0000446,ALT00001666,CUST000290,2026-07-30 03:46:58,,Investigating,Medium,INV004,Under Investigation,75462.01,0,UPI scam
CASE0000447,ALT00001667,CUST001756,2026-07-30 04:27:56,2026-07-31 17:27:56,Closed,Medium,INV004,Pending Evidence,3962.37,0,UPI scam
CASE0000448,ALT00001671,CUST000797,2026-07-30 11:23:50,,Investigating,Medium,INV001,Under Investigation,418619.55,0,UPI scam
