fraud_event_id,transaction_id,fraud_type,detection_method,fraud_risk_score,ground_truth_status,estimated_loss_inr,detected_ts,primary_reason
FE0000001,TXN000000126,MULE_TRANSFER,ML,70.0,False Positive,254861.4,2026-06-12 01:00:28,Mule network
FE0000002,TXN000000143,CARD_TESTING,Hybrid,46.8,Confirmed Fraud,50.77,2026-03-16 19:46:33,Geographic anomaly
FE0000003,TXN000000192,ACCOUNT_TAKEOVER,Hybrid,89.9,Confirmed Fraud,280600.47,2026-07-08 19:39:07,Mule network
FE0000004,TXN000000232,CARD_TESTING,Hybrid,64.1,Confirmed Fraud,14.58,2026-07-29 04:34:35,Amount deviation
FE0000005,TXN000000377,MERCHANT_COLLUSION,Hybrid,54.0,Under Review,64220.07,2026-03-29 23:17:50,Device anomaly
FE0000006,TXN000000468,MERCHANT_COLLUSION,ML,88.0,Confirmed Fraud,50425.36,2026-06-21 01:33:40,Device anomaly
FE0000007,TXN000000560,ATM_CASHOUT,Rule,52.0,Under Review,524243.13,2026-06-10 21:53:09,Device anomaly
FE0000008,TXN000000577,CARD_TESTING,Rule,80.2,False Positive,68.93,2026-02-21 03:35:13,Mule network
FE0000009,TXN000000639,IMPOSSIBLE_TRAVEL,Hybrid,95.5,Confirmed Fraud,702.0,2026-06-14 07:11:33,Amount deviation
FE0000010,TXN000000698,CARD_TESTING,Hybrid,48.1,False Positive,20.37,2026-07-15 06:03:09,High velocity
FE0000011,TXN000000714,CARD_TESTING,Rule,48.0,False Positive,100.27,2026-04-14 23:34:21,Merchant anomaly
FE0000012,TXN000000726,MERCHANT_COLLUSION,Hybrid,52.0,Under Review,23281.73,2026-05-03 11:14:02,Merchant anomaly
FE0000013,TXN000000730,CARD_NOT_PRESENT,Rule,73.0,Under Review,272.85,2026-06-15 10:49:32,Device anomaly
FE0000014,TXN000000732,IMPOSSIBLE_TRAVEL,Rule,53.5,Confirmed Fraud,621.04,2026-03-06 12:56:22,High velocity
FE0000015,TXN000000754,VELOCITY_ABUSE,Hybrid,49.8,Under Review,1399.43,2026-03-28 08:51:18,Mule network
FE0000016,TXN000000825,ACCOUNT_TAKEOVER,Hybrid,94.6,Confirmed Fraud,328233.48,2026-05-16 06:17:28,High velocity
FE0000017,TXN000000834,MERCHANT_COLLUSION,ML,48.0,Under Review,132648.75,2026-05-17 21:10:57,Geographic anomaly
FE0000018,TXN000000875,CARD_NOT_PRESENT,Hybrid,91.7,Confirmed Fraud,785.93,2026-04-29 11:01:15,Merchant anomaly
FE0000019,TXN000000899,VELOCITY_ABUSE,ML,52.0,Under Review,703.48,2026-04-01 23:57:38,Device anomaly
FE0000020,TXN000000936,VELOCITY_ABUSE,Rule,81.4,False Positive,1071.51,2026-07-07 06:17:45,Merchant anomaly
FE0000021,TXN000001014,IMPOSSIBLE_TRAVEL,ML,60.0,Confirmed Fraud,132.06,2026-05-03 00:13:38,Merchant anomaly
FE0000022,TXN000001042,CARD_NOT_PRESENT,Hybrid,78.5,False Positive,224.6,2026-07-14 19:50:16,Device anomaly
FE0000023,TXN000001063,MULE_TRANSFER,Rule,56.0,Confirmed Fraud,285958.39,2026-04-19 23:39:15,Device anomaly
FE0000024,TXN000001131,ACCOUNT_TAKEOVER,Rule,85.0,Confirmed Fraud,444406.01,2026-06-29 15:59:18,Device anomaly
FE0000025,TXN000001233,VELOCITY_ABUSE,ML,63.5,False Positive,474.32,2026-05-13 00:55:01,High velocity
FE0000026,TXN000001239,ATM_CASHOUT,Rule,52.0,Confirmed Fraud,467808.06,2026-04-17 09:48:17,Merchant anomaly
FE0000027,TXN000001368,CARD_NOT_PRESENT,Rule,92.2,False Positive,5650.22,2026-03-29 06:52:26,Amount deviation
FE0000028,TXN000001411,MULE_TRANSFER,Rule,92.0,Under Review,130727.56,2026-04-23 03:02:08,Geographic anomaly
FE0000029,TXN000001441,MULE_TRANSFER,Hybrid,48.0,Under Review,64700.23,2026-03-25 11:54:57,Amount deviation
FE0000030,TXN000001481,ACCOUNT_TAKEOVER,ML,91.2,Confirmed Fraud,282489.78,2026-04-10 21:07:10,Amount deviation
FE0000031,TXN000001485,CARD_TESTING,ML,40.3,Confirmed Fraud,118.85,2026-04-13 19:18:25,High velocity
FE0000032,TXN000001529,MULE_TRANSFER,ML,54.0,Under Review,83297.28,2026-07-26 17:11:56,Mule network
FE0000033,TXN000001558,CARD_NOT_PRESENT,Hybrid,88.4,Confirmed Fraud,164.51,2026-06-11 04:35:26,High velocity
FE0000034,TXN000001561,VELOCITY_ABUSE,Rule,50.5,False Positive,991.9,2026-05-27 14:19:13,Geographic anomaly
FE0000035,TXN000001589,CARD_TESTING,ML,73.9,False Positive,46.71,2026-06-06 00:30:26,Geographic anomaly
FE0000036,TXN000001629,MERCHANT_COLLUSION,Hybrid,54.0,Confirmed Fraud,34524.69,2026-04-12 17:44:03,Amount deviation
FE0000037,TXN000001652,VELOCITY_ABUSE,Hybrid,71.8,Confirmed Fraud,1058.01,2026-05-16 08:31:06,Amount deviation
FE0000038,TXN000001654,ACCOUNT_TAKEOVER,Hybrid,73.7,Under Review,30670.5,2026-03-10 18:36:55,Geographic anomaly
FE0000039,TXN000001723,MULE_TRANSFER,Hybrid,66.0,Under Review,387670.26,2026-04-24 01:13:30,Merchant anomaly
FE0000040,TXN000001806,MULE_TRANSFER,Hybrid,70.0,False Positive,208893.83,2026-07-05 23:22:23,Geographic anomaly
FE0000041,TXN000001829,ACCOUNT_TAKEOVER,Hybrid,93.3,False Positive,146971.15,2026-05-12 23:03:16,Merchant anomaly
FE0000042,TXN000001935,CARD_NOT_PRESENT,Hybrid,96.0,Under Review,1930.9,2026-02-03 23:57:00,Device anomaly
FE0000043,TXN000001946,CARD_TESTING,Rule,48.5,False Positive,139.37,2026-04-21 21:44:56,Amount deviation
FE0000044,TXN000001994,MULE_TRANSFER,Rule,94.0,Confirmed Fraud,82564.13,2026-04-07 02:36:50,Mule network
FE0000045,TXN000002070,CARD_TESTING,ML,49.5,Under Review,39.89,2026-04-06 16:36:05,Merchant anomaly
FE0000046,TXN000002164,IMPOSSIBLE_TRAVEL,ML,43.6,Confirmed Fraud,1045.2,2026-04-11 08:41:29,Merchant anomaly
FE0000047,TXN000002200,CARD_TESTING,ML,66.1,False Positive,20.63,2026-05-28 04:27:30,High velocity
FE0000048,TXN000002224,CARD_NOT_PRESENT,Rule,78.3,Confirmed Fraud,1408.26,2026-07-26 11:45:37,Geographic anomaly
FE0000049,TXN000002234,ACCOUNT_TAKEOVER,Hybrid,90.6,Confirmed Fraud,66605.48,2026-07-24 20:39:58,High velocity
FE0000050,TXN000002399,ACCOUNT_TAKEOVER,Rule,85.0,Under Review,221822.92,2026-06-16 23:02:39,Merchant anomaly
FE0000051,TXN000002425,MULE_TRANSFER,ML,72.0,False Positive,360814.44,2026-06-11 18:52:00,Device anomaly
FE0000052,TXN000002467,IMPOSSIBLE_TRAVEL,Rule,66.0,Confirmed Fraud,2677.76,2026-04-15 03:21:01,Mule network
FE0000053,TXN000002572,ATM_CASHOUT,Rule,54.0,False Positive,203839.83,2026-02-26 17:41:26,Geographic anomaly
FE0000054,TXN000002710,ACCOUNT_TAKEOVER,ML,99,Confirmed Fraud,50177.61,2026-06-08 04:45:40,Mule network
FE0000055,TXN000002724,IMPOSSIBLE_TRAVEL,Rule,97,Confirmed Fraud,3805.62,2026-05-19 21:50:37,Merchant anomaly
FE0000056,TXN000002973,MERCHANT_COLLUSION,Rule,54.0,Confirmed Fraud,74029.86,2026-03-27 13:16:19,Amount deviation
FE0000057,TXN000003059,MULE_TRANSFER,Rule,68.0,Confirmed Fraud,154790.38,2026-07-27 13:30:44,Amount deviation
FE0000058,TXN000003084,VELOCITY_ABUSE,Hybrid,48.8,False Positive,345.14,2026-03-25 07:29:12,Mule network
FE0000059,TXN000003126,MERCHANT_COLLUSION,Hybrid,54.0,Confirmed Fraud,61159.76,2026-04-01 13:24:16,High velocity
FE0000060,TXN000003145,CARD_TESTING,Hybrid,64.2,Confirmed Fraud,25.38,2026-04-24 18:36:11,High velocity
FE0000061,TXN000003286,CARD_NOT_PRESENT,ML,83.6,Confirmed Fraud,726.3,2026-05-31 12:05:38,Geographic anomaly
FE0000062,TXN000003306,VELOCITY_ABUSE,ML,68.4,Confirmed Fraud,668.11,2026-04-25 02:16:22,Device anomaly
FE0000063,TXN000003550,CARD_NOT_PRESENT,ML,81.4,False Positive,1011.1,2026-05-02 05:25:08,High velocity
FE0000064,TXN000003603,ATM_CASHOUT,Hybrid,54.0,False Positive,197401.31,2026-03-18 21:39:39,Amount deviation
FE0000065,TXN000003626,VELOCITY_ABUSE,Rule,69.9,Confirmed Fraud,1062.57,2026-03-10 01:58:12,Merchant anomaly
FE0000066,TXN000003646,ATM_CASHOUT,Rule,54.0,False Positive,66491.7,2026-05-27 13:13:12,High velocity
FE0000067,TXN000003669,VELOCITY_ABUSE,Hybrid,49.1,Under Review,814.74,2026-03-03 14:37:13,Merchant anomaly
FE0000068,TXN000003711,CARD_TESTING,Hybrid,68.2,Under Review,10.92,2026-03-09 17:08:58,High velocity
FE0000069,TXN000003729,CARD_TESTING,ML,49.2,Confirmed Fraud,80.54,2026-04-16 06:01:59,Device anomaly
FE0000070,TXN000003800,CARD_NOT_PRESENT,ML,99,False Positive,16856.26,2026-03-03 04:30:13,Geographic anomaly
FE0000071,TXN000004002,VELOCITY_ABUSE,Rule,97.2,Confirmed Fraud,3820.5,2026-03-26 00:03:22,Geographic anomaly
FE0000072,TXN000004070,MERCHANT_COLLUSION,Hybrid,88.0,Confirmed Fraud,126315.97,2026-06-26 04:55:25,Amount deviation
FE0000073,TXN000004207,IMPOSSIBLE_TRAVEL,Hybrid,71.3,False Positive,1167.61,2026-05-02 17:14:40,Mule network
FE0000074,TXN000004239,VELOCITY_ABUSE,ML,70.8,Under Review,283.73,2026-06-25 02:07:56,Merchant anomaly
FE0000075,TXN000004250,MULE_TRANSFER,Hybrid,52.0,Confirmed Fraud,116065.99,2026-05-01 18:10:52,Device anomaly
FE0000076,TXN000004265,VELOCITY_ABUSE,Rule,67.7,Confirmed Fraud,2939.07,2026-03-18 15:51:02,Geographic anomaly
FE0000077,TXN000004362,CARD_NOT_PRESENT,ML,81.3,Confirmed Fraud,369.18,2026-03-10 02:03:37,High velocity
FE0000078,TXN000004372,MULE_TRANSFER,ML,50.0,False Positive,416138.09,2026-05-13 23:46:12,Amount deviation
FE0000079,TXN000004411,MERCHANT_COLLUSION,Hybrid,76.0,Under Review,76391.89,2026-06-22 20:48:03,Mule network
FE0000080,TXN000004475,IMPOSSIBLE_TRAVEL,ML,65.0,False Positive,383.28,2026-03-29 05:01:43,Amount deviation
FE0000081,TXN000004500,MULE_TRANSFER,Rule,68.0,Confirmed Fraud,414805.18,2026-02-18 23:10:53,Amount deviation
FE0000082,TXN000004588,MERCHANT_COLLUSION,Rule,48.0,False Positive,133845.04,2026-02-04 15:10:58,Mule network
FE0000083,TXN000004662,VELOCITY_ABUSE,ML,82.1,Confirmed Fraud,5256.99,2026-02-08 01:47:56,Merchant anomaly
FE0000084,TXN000004691,MULE_TRANSFER,ML,68.0,Confirmed Fraud,188673.21,2026-07-12 18:00:58,Device anomaly
FE0000085,TXN000004861,MERCHANT_COLLUSION,Hybrid,54.0,Confirmed Fraud,19751.26,2026-03-24 23:24:19,Mule network
FE0000086,TXN000004911,MULE_TRANSFER,Hybrid,54.0,Confirmed Fraud,85935.15,2026-06-24 23:33:10,Amount deviation
FE0000087,TXN000005008,MULE_TRANSFER,Rule,52.0,Under Review,281449.41,2026-05-07 13:34:15,Mule network
FE0000088,TXN000005021,IMPOSSIBLE_TRAVEL,ML,79.1,Under Review,417.06,2026-03-13 20:59:28,Mule network
FE0000089,TXN000005100,ATM_CASHOUT,Rule,48.0,Under Review,339375.06,2026-03-31 21:13:42,High velocity
FE0000090,TXN000005128,CARD_TESTING,Rule,68.2,Under Review,18.52,2026-03-09 14:07:29,Merchant anomaly
FE0000091,TXN000005161,VELOCITY_ABUSE,Hybrid,50.5,Confirmed Fraud,632.16,2026-02-03 09:39:59,Device anomaly
FE0000092,TXN000005168,MULE_TRANSFER,ML,48.0,False Positive,84867.33,2026-02-11 05:17:35,Amount deviation
FE0000093,TXN000005185,ATM_CASHOUT,ML,54.0,Confirmed Fraud,181694.74,2026-07-26 13:31:10,Mule network
FE0000094,TXN000005200,VELOCITY_ABUSE,ML,56.5,Under Review,394.44,2026-03-09 06:55:52,Geographic anomaly
FE0000095,TXN000005230,IMPOSSIBLE_TRAVEL,Rule,63.6,Confirmed Fraud,558.65,2026-02-06 08:22:52,Device anomaly
FE0000096,TXN000005299,ATM_CASHOUT,Hybrid,68.0,False Positive,313177.24,2026-02-28 03:57:45,Merchant anomaly
FE0000097,TXN000005349,IMPOSSIBLE_TRAVEL,Rule,74.9,Under Review,647.68,2026-04-16 10:46:20,Merchant anomaly
FE0000098,TXN000005390,ATM_CASHOUT,Hybrid,70.0,Confirmed Fraud,94202.25,2026-03-29 09:49:19,Merchant anomaly
FE0000099,TXN000005394,CARD_NOT_PRESENT,ML,91.0,Confirmed Fraud,997.13,2026-02-01 22:57:43,Geographic anomaly
FE0000100,TXN000005450,CARD_NOT_PRESENT,ML,67.9,False Positive,102.1,2026-03-26 15:49:02,High velocity
FE0000101,TXN000005495,MERCHANT_COLLUSION,Rule,68.0,Confirmed Fraud,66886.68,2026-07-09 11:06:22,Device anomaly
FE0000102,TXN000005502,CARD_NOT_PRESENT,ML,62.3,Confirmed Fraud,520.81,2026-05-18 16:16:52,Device anomaly
FE0000103,TXN000005526,VELOCITY_ABUSE,Hybrid,54.4,False Positive,571.16,2026-07-23 19:38:35,High velocity
FE0000104,TXN000005620,CARD_NOT_PRESENT,Hybrid,77.0,Confirmed Fraud,706.01,2026-07-14 21:53:41,Merchant anomaly
FE0000105,TXN000005636,ACCOUNT_TAKEOVER,Rule,84.5,False Positive,133036.84,2026-03-03 13:33:05,Amount deviation
FE0000106,TXN000005750,ATM_CASHOUT,Hybrid,70.0,Confirmed Fraud,145786.01,2026-02-24 13:05:38,Geographic anomaly
FE0000107,TXN000005961,VELOCITY_ABUSE,ML,43.3,Confirmed Fraud,2045.8,2026-02-18 12:47:39,Amount deviation
FE0000108,TXN000006019,ATM_CASHOUT,Rule,74.0,Confirmed Fraud,226540.83,2026-02-06 05:09:14,Mule network
FE0000109,TXN000006152,MERCHANT_COLLUSION,Rule,88.0,False Positive,51921.49,2026-03-14 03:37:47,High velocity
FE0000110,TXN000006268,VELOCITY_ABUSE,Rule,69.5,Under Review,214.84,2026-07-16 13:05:19,Amount deviation
FE0000111,TXN000006349,ACCOUNT_TAKEOVER,Rule,89.3,Confirmed Fraud,267633.36,2026-05-18 20:10:25,Merchant anomaly
FE0000112,TXN000006374,ATM_CASHOUT,Hybrid,56.0,Under Review,419821.15,2026-04-05 05:35:56,Mule network
FE0000113,TXN000006424,MERCHANT_COLLUSION,Rule,74.0,Confirmed Fraud,56164.29,2026-07-17 10:43:12,Mule network
FE0000114,TXN000006449,ATM_CASHOUT,Hybrid,74.0,False Positive,578273.44,2026-03-26 22:37:18,Geographic anomaly
FE0000115,TXN000006549,VELOCITY_ABUSE,ML,82.7,Under Review,14141.11,2026-03-10 23:49:46,Amount deviation
FE0000116,TXN000006790,CARD_NOT_PRESENT,Hybrid,78.3,False Positive,3244.86,2026-03-11 13:03:36,High velocity
FE0000117,TXN000006886,ACCOUNT_TAKEOVER,Rule,99,Confirmed Fraud,209366.46,2026-03-22 03:36:25,Geographic anomaly
FE0000118,TXN000007017,CARD_NOT_PRESENT,Hybrid,69.8,False Positive,611.01,2026-05-15 11:27:18,Mule network
FE0000119,TXN000007059,MERCHANT_COLLUSION,Rule,56.0,Under Review,105354.43,2026-03-19 16:50:44,Amount deviation
FE0000120,TXN000007142,ATM_CASHOUT,Rule,56.0,False Positive,96231.0,2026-02-28 21:44:38,Device anomaly
FE0000121,TXN000007233,VELOCITY_ABUSE,ML,46.8,Confirmed Fraud,760.39,2026-04-25 23:46:04,Mule network
FE0000122,TXN000007448,MERCHANT_COLLUSION,ML,48.0,Confirmed Fraud,82557.26,2026-07-08 18:15:00,Amount deviation
FE0000123,TXN000007514,CARD_TESTING,Rule,44.8,Confirmed Fraud,79.97,2026-07-22 14:55:32,Mule network
FE0000124,TXN000007525,ATM_CASHOUT,ML,48.0,Confirmed Fraud,278500.6,2026-05-18 23:05:02,Mule network
FE0000125,TXN000007614,IMPOSSIBLE_TRAVEL,Hybrid,62.0,Under Review,1219.76,2026-05-11 11:11:18,Mule network
FE0000126,TXN000007633,IMPOSSIBLE_TRAVEL,Rule,70.1,Confirmed Fraud,30138.23,2026-03-18 09:14:24,Geographic anomaly
FE0000127,TXN000007661,IMPOSSIBLE_TRAVEL,ML,53.4,Confirmed Fraud,141.15,2026-04-29 23:08:15,Mule network
FE0000128,TXN000007694,MERCHANT_COLLUSION,ML,66.0,False Positive,43686.42,2026-02-26 04:04:17,Device anomaly
FE0000129,TXN000007786,VELOCITY_ABUSE,Rule,84.0,Confirmed Fraud,1297.75,2026-05-29 00:13:45,High velocity
FE0000130,TXN000007827,ATM_CASHOUT,Rule,74.0,Under Review,518429.51,2026-04-21 03:10:03,Geographic anomaly
FE0000131,TXN000007866,IMPOSSIBLE_TRAVEL,Rule,55.6,False Positive,3166.55,2026-07-23 14:29:06,Merchant anomaly
FE0000132,TXN000007878,ATM_CASHOUT,Rule,52.0,Confirmed Fraud,256036.94,2026-05-01 21:36:34,Device anomaly
FE0000133,TXN000007884,VELOCITY_ABUSE,Hybrid,47.9,Confirmed Fraud,591.5,2026-03-13 19:24:40,Mule network
FE0000134,TXN000007932,IMPOSSIBLE_TRAVEL,ML,55.9,False Positive,173.29,2026-07-12 20:52:32,Amount deviation
FE0000135,TXN000007989,MULE_TRANSFER,Hybrid,50.0,Under Review,90610.63,2026-07-22 09:58:05,Mule network
FE0000136,TXN000008022,MERCHANT_COLLUSION,Hybrid,52.0,Confirmed Fraud,73475.18,2026-02-13 18:01:23,Geographic anomaly
FE0000137,TXN000008037,VELOCITY_ABUSE,ML,78.0,False Positive,26716.47,2026-06-24 00:06:05,High velocity
FE0000138,TXN000008100,VELOCITY_ABUSE,ML,54.6,Under Review,190.04,2026-04-24 13:49:06,High velocity
FE0000139,TXN000008101,CARD_TESTING,Hybrid,48.1,Under Review,8.76,2026-02-10 08:30:14,Mule network
FE0000140,TXN000008126,ACCOUNT_TAKEOVER,Rule,99,Confirmed Fraud,82108.11,2026-07-23 17:14:55,High velocity
FE0000141,TXN000008154,MULE_TRANSFER,Rule,76.0,Under Review,234977.26,2026-07-24 11:17:22,Device anomaly
FE0000142,TXN000008158,CARD_NOT_PRESENT,ML,88.0,Confirmed Fraud,247.63,2026-07-12 00:41:40,Mule network
FE0000143,TXN000008192,CARD_TESTING,Rule,40.1,False Positive,18.25,2026-04-09 20:56:27,Geographic anomaly
FE0000144,TXN000008196,ATM_CASHOUT,Hybrid,54.0,Under Review,263328.7,2026-06-20 15:12:57,Amount deviation
FE0000145,TXN000008220,VELOCITY_ABUSE,ML,50.0,Confirmed Fraud,301.17,2026-03-15 08:22:38,Mule network
FE0000146,TXN000008337,MULE_TRANSFER,ML,56.0,False Positive,92653.34,2026-07-19 06:21:14,Mule network
FE0000147,TXN000008431,MERCHANT_COLLUSION,Hybrid,72.0,Confirmed Fraud,69466.62,2026-06-28 00:21:40,Geographic anomaly
FE0000148,TXN000008445,MERCHANT_COLLUSION,ML,50.0,Confirmed Fraud,120116.22,2026-05-31 06:07:07,Merchant anomaly
FE0000149,TXN000008485,ATM_CASHOUT,Hybrid,76.0,Under Review,164943.09,2026-02-24 07:56:36,Amount deviation
FE0000150,TXN000008497,VELOCITY_ABUSE,Hybrid,39.8,Confirmed Fraud,300.2,2026-07-18 13:16:54,Device anomaly
FE0000151,TXN000008568,MULE_TRANSFER,ML,74.0,Confirmed Fraud,284482.69,2026-04-17 00:54:53,Amount deviation
FE0000152,TXN000008683,MULE_TRANSFER,ML,54.0,Confirmed Fraud,270681.94,2026-04-27 10:29:25,Mule network
FE0000153,TXN000008714,ACCOUNT_TAKEOVER,Hybrid,92.3,False Positive,426355.19,2026-03-06 07:12:30,High velocity
FE0000154,TXN000008720,VELOCITY_ABUSE,Rule,50.2,Under Review,405.93,2026-07-14 21:20:34,Device anomaly
FE0000155,TXN000008726,MULE_TRANSFER,ML,48.0,Under Review,200980.15,2026-05-18 07:30:52,Geographic anomaly
FE0000156,TXN000008770,CARD_NOT_PRESENT,Rule,78.2,Confirmed Fraud,785.45,2026-06-23 19:24:38,Merchant anomaly
FE0000157,TXN000008775,MERCHANT_COLLUSION,Rule,74.0,Confirmed Fraud,51001.03,2026-03-08 08:44:40,Amount deviation
FE0000158,TXN000008798,IMPOSSIBLE_TRAVEL,Rule,85.1,False Positive,1335950.06,2026-02-25 09:37:24,Merchant anomaly
FE0000159,TXN000008831,ATM_CASHOUT,Hybrid,70.0,Under Review,140953.27,2026-05-03 15:36:16,Geographic anomaly
FE0000160,TXN000008833,ACCOUNT_TAKEOVER,ML,99,False Positive,276021.89,2026-07-13 12:12:16,Merchant anomaly
FE0000161,TXN000008834,CARD_TESTING,Rule,48.2,Confirmed Fraud,101.6,2026-06-27 19:18:25,Mule network
FE0000162,TXN000008908,ACCOUNT_TAKEOVER,ML,79.3,Confirmed Fraud,155084.19,2026-03-01 13:46:10,Device anomaly
FE0000163,TXN000008909,ATM_CASHOUT,Rule,48.0,False Positive,124041.14,2026-06-21 06:08:57,High velocity
FE0000164,TXN000009029,VELOCITY_ABUSE,Rule,64.5,Confirmed Fraud,557.66,2026-05-08 11:36:04,Geographic anomaly
FE0000165,TXN000009044,VELOCITY_ABUSE,ML,69.6,Under Review,493.62,2026-03-15 20:32:15,High velocity
FE0000166,TXN000009080,ACCOUNT_TAKEOVER,ML,99,Confirmed Fraud,294004.44,2026-06-17 01:00:04,Merchant anomaly
FE0000167,TXN000009117,MULE_TRANSFER,ML,50.0,False Positive,39562.5,2026-05-19 23:19:18,Device anomaly
FE0000168,TXN000009124,IMPOSSIBLE_TRAVEL,Rule,34.3,Confirmed Fraud,187.48,2026-06-15 05:26:55,Amount deviation
FE0000169,TXN000009197,VELOCITY_ABUSE,ML,62.8,Under Review,312.41,2026-02-01 09:49:39,Amount deviation
FE0000170,TXN000009279,CARD_NOT_PRESENT,Hybrid,83.3,Under Review,7565.04,2026-07-08 16:52:59,Amount deviation
FE0000171,TXN000009304,MERCHANT_COLLUSION,Hybrid,54.0,Confirmed Fraud,49091.04,2026-07-25 20:16:29,Geographic anomaly
FE0000172,TXN000009377,CARD_NOT_PRESENT,Rule,99,False Positive,3139.89,2026-07-16 01:21:04,Geographic anomaly
FE0000173,TXN000009400,MERCHANT_COLLUSION,ML,74.0,Confirmed Fraud,41862.0,2026-06-20 04:52:19,Device anomaly
FE0000174,TXN000009458,MULE_TRANSFER,Hybrid,48.0,Confirmed Fraud,230615.14,2026-05-08 09:06:49,High velocity
FE0000175,TXN000009487,ATM_CASHOUT,Hybrid,72.0,False Positive,436743.13,2026-03-11 15:15:51,Mule network
FE0000176,TXN000009507,IMPOSSIBLE_TRAVEL,ML,68.7,Confirmed Fraud,160.33,2026-06-27 20:51:26,Amount deviation
FE0000177,TXN000009560,CARD_NOT_PRESENT,ML,79.5,Confirmed Fraud,4236.73,2026-06-26 16:25:40,Amount deviation
FE0000178,TXN000009615,ATM_CASHOUT,Hybrid,72.0,Confirmed Fraud,156028.09,2026-07-21 11:58:14,Mule network
FE0000179,TXN000009712,MERCHANT_COLLUSION,Rule,48.0,False Positive,95168.18,2026-07-11 12:11:35,Amount deviation
FE0000180,TXN000009817,MULE_TRANSFER,Rule,76.0,False Positive,333988.49,2026-07-30 11:19:50,High velocity
FE0000181,TXN000009958,CARD_TESTING,Rule,68.1,False Positive,88.57,2026-07-02 17:16:36,Geographic anomaly
FE0000182,TXN000009991,VELOCITY_ABUSE,Rule,46.5,Under Review,4226.65,2026-07-27 05:31:18,Merchant anomaly
FE0000183,TXN000010238,VELOCITY_ABUSE,Hybrid,78.0,False Positive,1144.18,2026-05-12 02:18:50,Amount deviation
FE0000184,TXN000010282,MERCHANT_COLLUSION,Rule,48.0,Confirmed Fraud,161816.34,2026-04-13 16:49:02,Merchant anomaly
FE0000185,TXN000010311,ACCOUNT_TAKEOVER,Hybrid,89.4,False Positive,275658.85,2026-04-09 11:05:33,Amount deviation
FE0000186,TXN000010487,IMPOSSIBLE_TRAVEL,ML,84.1,Confirmed Fraud,3857.58,2026-06-08 21:11:43,High velocity
FE0000187,TXN000010531,ACCOUNT_TAKEOVER,ML,83.7,Under Review,165222.64,2026-04-17 13:56:29,Geographic anomaly
FE0000188,TXN000010561,CARD_TESTING,Hybrid,42.4,Under Review,28.58,2026-02-02 22:49:41,Geographic anomaly
FE0000189,TXN000010597,CARD_NOT_PRESENT,ML,72.5,False Positive,437.28,2026-07-05 08:00:12,Geographic anomaly
FE0000190,TXN000010624,CARD_TESTING,ML,43.0,Confirmed Fraud,107.79,2026-03-17 16:42:07,Mule network
FE0000191,TXN000010659,IMPOSSIBLE_TRAVEL,ML,57.6,Confirmed Fraud,803.65,2026-05-15 08:23:41,Geographic anomaly
FE0000192,TXN000010706,CARD_NOT_PRESENT,Rule,80.8,Confirmed Fraud,468.43,2026-07-23 09:33:01,Geographic anomaly
FE0000193,TXN000010739,MULE_TRANSFER,Rule,48.0,Confirmed Fraud,158254.97,2026-03-12 05:35:54,Amount deviation
FE0000194,TXN000010757,CARD_TESTING,Rule,64.5,False Positive,78.61,2026-07-25 22:37:12,Device anomaly
FE0000195,TXN000010847,CARD_TESTING,Hybrid,49.4,Confirmed Fraud,57.86,2026-05-29 09:11:22,High velocity
FE0000196,TXN000010904,VELOCITY_ABUSE,Rule,53.1,False Positive,628.72,2026-03-17 21:11:29,Merchant anomaly
FE0000197,TXN000010936,ACCOUNT_TAKEOVER,Hybrid,95.8,Under Review,111803.64,2026-05-21 22:45:34,Mule network
FE0000198,TXN000010945,ACCOUNT_TAKEOVER,ML,95.6,Under Review,189127.14,2026-02-16 14:03:45,Geographic anomaly
FE0000199,TXN000011253,ATM_CASHOUT,Rule,56.0,Under Review,313338.21,2026-07-18 07:23:34,Geographic anomaly
FE0000200,TXN000011254,CARD_NOT_PRESENT,Hybrid,99,False Positive,9586.31,2026-07-26 02:20:39,Geographic anomaly
FE0000201,TXN000011351,ACCOUNT_TAKEOVER,Rule,83.7,Confirmed Fraud,131224.18,2026-03-23 18:01:08,Mule network
FE0000202,TXN000011363,VELOCITY_ABUSE,Rule,62.8,False Positive,603.18,2026-03-21 07:38:38,Geographic anomaly
FE0000203,TXN000011376,MERCHANT_COLLUSION,Hybrid,70.0,Confirmed Fraud,91992.14,2026-03-29 11:25:55,Merchant anomaly
FE0000204,TXN000011391,MULE_TRANSFER,Rule,72.0,False Positive,453946.81,2026-07-21 02:59:25,Mule network
FE0000205,TXN000011442,ATM_CASHOUT,Rule,50.0,Confirmed Fraud,184916.07,2026-06-22 23:51:00,Geographic anomaly
FE0000206,TXN000011534,VELOCITY_ABUSE,Hybrid,70.0,Confirmed Fraud,2825.6,2026-07-21 04:38:51,Amount deviation
FE0000207,TXN000011565,VELOCITY_ABUSE,ML,74.5,Under Review,67.78,2026-03-06 20:06:39,Amount deviation
FE0000208,TXN000011580,ACCOUNT_TAKEOVER,Rule,89.3,False Positive,37634.47,2026-07-01 13:49:43,Merchant anomaly
FE0000209,TXN000011612,ATM_CASHOUT,Hybrid,68.0,Under Review,375097.0,2026-05-01 03:16:43,Geographic anomaly
FE0000210,TXN000011619,IMPOSSIBLE_TRAVEL,Rule,70.5,False Positive,7738.65,2026-07-11 22:18:42,Merchant anomaly
FE0000211,TXN000011620,ATM_CASHOUT,Rule,50.0,Under Review,40469.97,2026-06-24 13:52:23,Amount deviation
FE0000212,TXN000011666,ATM_CASHOUT,Rule,50.0,Under Review,411180.7,2026-03-16 22:53:30,Merchant anomaly
FE0000213,TXN000011745,MERCHANT_COLLUSION,ML,48.0,False Positive,103048.69,2026-06-19 09:48:15,Amount deviation
FE0000214,TXN000011763,ATM_CASHOUT,Hybrid,54.0,Under Review,37430.12,2026-06-17 23:06:03,Mule network
FE0000215,TXN000011876,ATM_CASHOUT,ML,54.0,Confirmed Fraud,208213.12,2026-04-03 07:26:17,Amount deviation
FE0000216,TXN000011926,ACCOUNT_TAKEOVER,Hybrid,99,Under Review,28849.27,2026-04-10 23:13:00,Merchant anomaly
FE0000217,TXN000011978,ATM_CASHOUT,Rule,52.0,False Positive,345190.76,2026-06-23 09:04:28,Device anomaly
FE0000218,TXN000012013,CARD_NOT_PRESENT,Rule,80.5,False Positive,12563.59,2026-05-18 10:34:48,Device anomaly
FE0000219,TXN000012020,MERCHANT_COLLUSION,Rule,94.0,Confirmed Fraud,174591.79,2026-06-09 02:08:42,Geographic anomaly
FE0000220,TXN000012136,ATM_CASHOUT,Rule,70.0,False Positive,363738.89,2026-03-19 17:31:58,Merchant anomaly
FE0000221,TXN000012173,VELOCITY_ABUSE,Hybrid,48.3,Confirmed Fraud,144.08,2026-02-21 21:09:55,Geographic anomaly
FE0000222,TXN000012174,MULE_TRANSFER,ML,56.0,False Positive,134113.68,2026-04-19 21:38:18,Mule network
FE0000223,TXN000012226,MULE_TRANSFER,Rule,52.0,Confirmed Fraud,93920.16,2026-04-04 12:46:54,Device anomaly
FE0000224,TXN000012287,CARD_NOT_PRESENT,ML,95.9,False Positive,1282.44,2026-05-22 04:57:19,High velocity
FE0000225,TXN000012386,CARD_TESTING,Rule,67.4,Confirmed Fraud,73.11,2026-06-06 03:34:40,Merchant anomaly
FE0000226,TXN000012510,CARD_TESTING,Rule,66.4,False Positive,51.46,2026-02-05 02:29:59,Device anomaly
FE0000227,TXN000012533,MERCHANT_COLLUSION,Rule,52.0,Under Review,66565.24,2026-02-03 09:33:27,Geographic anomaly
FE0000228,TXN000012549,CARD_TESTING,ML,48.2,False Positive,21.45,2026-02-25 20:32:08,Geographic anomaly
FE0000229,TXN000012577,ATM_CASHOUT,Hybrid,54.0,False Positive,210689.43,2026-03-30 16:47:30,High velocity
FE0000230,TXN000012646,MULE_TRANSFER,Rule,54.0,Confirmed Fraud,165774.65,2026-03-08 16:24:29,Device anomaly
FE0000231,TXN000012743,ACCOUNT_TAKEOVER,Hybrid,85.0,Confirmed Fraud,390444.52,2026-07-04 12:17:21,Mule network
FE0000232,TXN000012747,VELOCITY_ABUSE,Hybrid,64.0,Under Review,5036.77,2026-02-25 12:10:46,Amount deviation
FE0000233,TXN000012766,CARD_NOT_PRESENT,Rule,76.9,False Positive,456.99,2026-05-05 14:30:10,High velocity
FE0000234,TXN000012781,MULE_TRANSFER,Hybrid,52.0,False Positive,165381.09,2026-05-31 15:15:45,Merchant anomaly
FE0000235,TXN000012824,CARD_NOT_PRESENT,ML,73.8,False Positive,1657.21,2026-05-09 10:11:36,Mule network
FE0000236,TXN000012906,ATM_CASHOUT,Rule,56.0,Confirmed Fraud,493861.73,2026-05-11 06:06:16,Device anomaly
FE0000237,TXN000012920,CARD_NOT_PRESENT,ML,93.2,Confirmed Fraud,305463.98,2026-03-09 12:56:26,Device anomaly
FE0000238,TXN000012950,MERCHANT_COLLUSION,Rule,68.0,Confirmed Fraud,22777.16,2026-05-29 11:40:52,Device anomaly
FE0000239,TXN000012967,VELOCITY_ABUSE,Hybrid,47.8,Confirmed Fraud,336.83,2026-02-10 07:57:24,Merchant anomaly
FE0000240,TXN000012970,CARD_NOT_PRESENT,Hybrid,92.0,Confirmed Fraud,3131.39,2026-05-29 11:34:48,Merchant anomaly
FE0000241,TXN000013036,VELOCITY_ABUSE,Hybrid,78.2,Confirmed Fraud,7759.73,2026-05-01 00:55:01,High velocity
FE0000242,TXN000013040,ATM_CASHOUT,ML,92.0,Confirmed Fraud,217749.16,2026-04-07 04:43:50,High velocity
FE0000243,TXN000013157,MULE_TRANSFER,Rule,72.0,False Positive,176514.43,2026-02-11 08:29:31,Merchant anomaly
FE0000244,TXN000013204,CARD_NOT_PRESENT,ML,80.2,Confirmed Fraud,2426.63,2026-03-29 10:17:35,Geographic anomaly
FE0000245,TXN000013274,CARD_NOT_PRESENT,Hybrid,77.1,Confirmed Fraud,156.72,2026-04-03 07:45:28,Merchant anomaly
FE0000246,TXN000013277,IMPOSSIBLE_TRAVEL,Rule,74.0,Confirmed Fraud,8284.19,2026-04-24 14:22:26,Geographic anomaly
FE0000247,TXN000013295,MULE_TRANSFER,Rule,56.0,Under Review,82330.79,2026-07-24 09:52:50,Device anomaly
FE0000248,TXN000013362,CARD_TESTING,Hybrid,44.2,Confirmed Fraud,60.93,2026-05-26 11:15:22,Mule network
FE0000249,TXN000013372,ACCOUNT_TAKEOVER,Rule,94.6,Under Review,324831.79,2026-03-13 16:41:45,Device anomaly
FE0000250,TXN000013514,ATM_CASHOUT,ML,70.0,Confirmed Fraud,230310.92,2026-04-24 17:46:10,Merchant anomaly
FE0000251,TXN000013541,MERCHANT_COLLUSION,ML,66.0,Confirmed Fraud,30602.37,2026-06-28 00:13:20,Mule network
FE0000252,TXN000013576,MULE_TRANSFER,ML,74.0,Under Review,197955.88,2026-02-01 04:15:21,Amount deviation
FE0000253,TXN000013619,VELOCITY_ABUSE,Rule,86.2,Confirmed Fraud,254.99,2026-02-22 02:07:26,Merchant anomaly
FE0000254,TXN000013680,ATM_CASHOUT,ML,50.0,Confirmed Fraud,378611.16,2026-03-15 20:35:23,Mule network
FE0000255,TXN000013876,ATM_CASHOUT,Rule,72.0,False Positive,203324.28,2026-07-17 19:46:56,Device anomaly
FE0000256,TXN000013962,CARD_TESTING,Hybrid,49.1,Confirmed Fraud,40.65,2026-06-17 22:35:17,Merchant anomaly
FE0000257,TXN000013978,CARD_NOT_PRESENT,Hybrid,73.7,Under Review,1036.33,2026-07-02 19:24:12,Geographic anomaly
FE0000258,TXN000014255,VELOCITY_ABUSE,ML,55.0,Confirmed Fraud,1461.09,2026-07-18 08:49:01,Device anomaly
FE0000259,TXN000014341,IMPOSSIBLE_TRAVEL,Hybrid,82.7,False Positive,4194.19,2026-02-02 02:43:53,Merchant anomaly
FE0000260,TXN000014372,ACCOUNT_TAKEOVER,Rule,90.7,Confirmed Fraud,240118.3,2026-04-30 17:10:53,Device anomaly
FE0000261,TXN000014412,VELOCITY_ABUSE,Rule,47.4,Confirmed Fraud,925.94,2026-03-28 15:48:32,Mule network
FE0000262,TXN000014471,IMPOSSIBLE_TRAVEL,Hybrid,76.7,Confirmed Fraud,1507.5,2026-07-13 11:24:13,High velocity
FE0000263,TXN000014869,IMPOSSIBLE_TRAVEL,ML,67.4,Confirmed Fraud,3439.68,2026-07-04 15:49:22,Amount deviation
FE0000264,TXN000014901,CARD_TESTING,Hybrid,48.0,Under Review,6.01,2026-02-24 16:10:28,High velocity
FE0000265,TXN000014950,CARD_TESTING,Hybrid,48.1,Under Review,44.2,2026-07-17 14:45:21,High velocity
FE0000266,TXN000014975,ACCOUNT_TAKEOVER,ML,86.9,Confirmed Fraud,54116.59,2026-04-21 10:43:19,High velocity
FE0000267,TXN000015029,VELOCITY_ABUSE,Hybrid,62.0,False Positive,2899.04,2026-06-17 16:21:40,Device anomaly
FE0000268,TXN000015039,MERCHANT_COLLUSION,ML,68.0,Under Review,52328.26,2026-07-30 02:01:58,Amount deviation
FE0000269,TXN000015085,VELOCITY_ABUSE,Hybrid,48.9,Confirmed Fraud,2639.08,2026-02-14 10:40:43,Merchant anomaly
FE0000270,TXN000015112,CARD_TESTING,Hybrid,46.2,False Positive,63.76,2026-06-23 22:25:35,Amount deviation
FE0000271,TXN000015192,VELOCITY_ABUSE,Hybrid,68.0,False Positive,212326.75,2026-04-05 08:58:07,Amount deviation
FE0000272,TXN000015207,CARD_NOT_PRESENT,ML,90.2,Under Review,653570.97,2026-02-11 19:55:56,Mule network
FE0000273,TXN000015264,ATM_CASHOUT,Rule,50.0,Confirmed Fraud,369650.09,2026-06-23 20:56:28,Mule network
FE0000274,TXN000015281,MERCHANT_COLLUSION,Rule,68.0,False Positive,70562.56,2026-06-18 17:20:49,High velocity
FE0000275,TXN000015355,MULE_TRANSFER,ML,48.0,False Positive,358166.73,2026-05-29 16:43:35,Geographic anomaly
FE0000276,TXN000015358,MULE_TRANSFER,ML,52.0,Confirmed Fraud,273140.1,2026-07-10 07:18:36,Mule network
FE0000277,TXN000015452,VELOCITY_ABUSE,Rule,58.2,False Positive,1919.2,2026-02-22 21:25:01,Amount deviation
FE0000278,TXN000015633,IMPOSSIBLE_TRAVEL,ML,72.7,Confirmed Fraud,185.79,2026-05-20 14:26:05,Mule network
FE0000279,TXN000015664,MULE_TRANSFER,ML,54.0,Confirmed Fraud,164693.92,2026-06-08 17:09:35,Device anomaly
FE0000280,TXN000015699,MULE_TRANSFER,ML,50.0,False Positive,325837.79,2026-02-26 12:47:53,High velocity
FE0000281,TXN000015884,ACCOUNT_TAKEOVER,Hybrid,84.6,Under Review,77342.82,2026-07-23 07:01:56,Device anomaly
FE0000282,TXN000015981,ACCOUNT_TAKEOVER,Hybrid,99,False Positive,169524.87,2026-02-13 23:01:59,Mule network
FE0000283,TXN000016004,MERCHANT_COLLUSION,ML,70.0,False Positive,129518.02,2026-02-10 07:15:48,Merchant anomaly
FE0000284,TXN000016019,IMPOSSIBLE_TRAVEL,Rule,70.4,False Positive,2557.09,2026-04-24 07:51:10,Device anomaly
FE0000285,TXN000016178,ACCOUNT_TAKEOVER,Rule,90.2,Confirmed Fraud,39624.65,2026-04-02 23:27:33,Merchant anomaly
FE0000286,TXN000016411,CARD_NOT_PRESENT,Hybrid,94.9,False Positive,3204.97,2026-04-20 13:22:18,Mule network
FE0000287,TXN000016522,MERCHANT_COLLUSION,Rule,50.0,Confirmed Fraud,110226.23,2026-03-26 14:44:24,Geographic anomaly
FE0000288,TXN000016523,IMPOSSIBLE_TRAVEL,Rule,54.5,Under Review,1225.59,2026-05-17 06:06:28,Amount deviation
FE0000289,TXN000016533,VELOCITY_ABUSE,Rule,58.0,Confirmed Fraud,3907.91,2026-03-03 08:42:53,Merchant anomaly
FE0000290,TXN000016534,CARD_NOT_PRESENT,Hybrid,87.5,Confirmed Fraud,1380.98,2026-05-22 17:35:38,Merchant anomaly
FE0000291,TXN000016609,ACCOUNT_TAKEOVER,Rule,95,Under Review,180441.77,2026-04-20 08:05:51,Device anomaly
FE0000292,TXN000016658,ATM_CASHOUT,Hybrid,72.0,False Positive,125880.36,2026-07-05 02:00:01,Amount deviation
FE0000293,TXN000016688,CARD_NOT_PRESENT,Rule,83.5,Confirmed Fraud,97.29,2026-03-21 00:44:18,Geographic anomaly
FE0000294,TXN000016710,VELOCITY_ABUSE,ML,50.6,Confirmed Fraud,497.03,2026-03-10 06:40:52,Device anomaly
FE0000295,TXN000016726,ACCOUNT_TAKEOVER,Rule,93.2,Confirmed Fraud,127920.64,2026-04-20 13:41:09,High velocity
FE0000296,TXN000016867,ACCOUNT_TAKEOVER,ML,88.8,Under Review,348761.61,2026-04-13 13:05:45,Merchant anomaly
FE0000297,TXN000016897,MERCHANT_COLLUSION,Rule,54.0,Confirmed Fraud,77782.36,2026-03-02 21:24:00,High velocity
FE0000298,TXN000016901,ATM_CASHOUT,Hybrid,76.0,Under Review,108620.73,2026-02-14 13:15:24,Mule network
FE0000299,TXN000016969,IMPOSSIBLE_TRAVEL,Rule,47.6,Under Review,281.01,2026-05-23 23:06:21,Mule network
FE0000300,TXN000017037,CARD_TESTING,ML,46.4,Confirmed Fraud,45.14,2026-05-18 10:25:44,Mule network
FE0000301,TXN000017068,MULE_TRANSFER,Rule,56.0,Confirmed Fraud,510396.12,2026-04-12 17:44:04,Merchant anomaly
FE0000302,TXN000017080,ATM_CASHOUT,Rule,48.0,Confirmed Fraud,352539.6,2026-07-09 10:04:55,Device anomaly
FE0000303,TXN000017127,ATM_CASHOUT,Rule,54.0,False Positive,289669.4,2026-05-25 09:25:30,Mule network
FE0000304,TXN000017176,MULE_TRANSFER,Rule,54.0,Confirmed Fraud,31789.47,2026-04-11 18:55:53,High velocity
FE0000305,TXN000017195,VELOCITY_ABUSE,ML,63.5,Under Review,4062.38,2026-03-25 08:31:17,Merchant anomaly
FE0000306,TXN000017221,ACCOUNT_TAKEOVER,Hybrid,89.3,Under Review,176872.75,2026-04-02 11:08:06,High velocity
FE0000307,TXN000017306,VELOCITY_ABUSE,Rule,55.1,Under Review,3695.07,2026-02-28 07:13:22,Amount deviation
FE0000308,TXN000017382,MERCHANT_COLLUSION,Rule,54.0,Confirmed Fraud,24959.42,2026-06-24 10:07:34,High velocity
FE0000309,TXN000017422,VELOCITY_ABUSE,Rule,89.9,False Positive,859.05,2026-07-18 04:14:48,Device anomaly
FE0000310,TXN000017431,ACCOUNT_TAKEOVER,ML,99,Under Review,485559.91,2026-06-23 01:40:48,Mule network
FE0000311,TXN000017652,CARD_NOT_PRESENT,ML,77.2,Confirmed Fraud,3032.06,2026-05-31 08:53:49,Amount deviation
FE0000312,TXN000017669,MERCHANT_COLLUSION,Hybrid,50.0,Confirmed Fraud,84186.72,2026-06-29 20:56:03,Geographic anomaly
FE0000313,TXN000017779,CARD_NOT_PRESENT,Rule,88.2,Confirmed Fraud,478236.29,2026-07-29 18:27:32,Device anomaly
FE0000314,TXN000017790,MERCHANT_COLLUSION,Rule,48.0,Confirmed Fraud,106792.07,2026-05-22 10:01:57,Mule network
FE0000315,TXN000017816,CARD_TESTING,Hybrid,49.0,False Positive,94.71,2026-06-23 21:44:03,High velocity
FE0000316,TXN000017931,ATM_CASHOUT,ML,50.0,Under Review,306403.51,2026-04-04 15:49:36,High velocity
FE0000317,TXN000017945,ATM_CASHOUT,Hybrid,72.0,Confirmed Fraud,344546.57,2026-05-15 03:35:55,Merchant anomaly
FE0000318,TXN000017975,IMPOSSIBLE_TRAVEL,Rule,60.7,Under Review,722.46,2026-04-17 12:27:56,Device anomaly
FE0000319,TXN000018042,MERCHANT_COLLUSION,Rule,68.0,Confirmed Fraud,41707.91,2026-06-14 00:59:52,Device anomaly
FE0000320,TXN000018044,CARD_TESTING,Rule,42.7,Under Review,127.85,2026-07-11 11:01:45,High velocity
FE0000321,TXN000018048,CARD_TESTING,ML,60.5,Confirmed Fraud,22.8,2026-02-21 01:25:25,High velocity
FE0000322,TXN000018067,MULE_TRANSFER,Hybrid,74.0,False Positive,251922.29,2026-04-12 11:56:04,Amount deviation
FE0000323,TXN000018111,CARD_TESTING,ML,48.0,False Positive,10.19,2026-04-20 14:12:02,Geographic anomaly
FE0000324,TXN000018127,ACCOUNT_TAKEOVER,Rule,99,Under Review,150493.52,2026-07-27 04:39:09,Amount deviation
FE0000325,TXN000018174,MULE_TRANSFER,Rule,50.0,Under Review,436863.45,2026-06-14 15:15:41,Amount deviation
FE0000326,TXN000018199,VELOCITY_ABUSE,Rule,60.0,False Positive,4388.54,2026-04-10 10:09:57,Mule network
FE0000327,TXN000018209,VELOCITY_ABUSE,Rule,60.0,Confirmed Fraud,2519.87,2026-06-06 22:44:08,Amount deviation
FE0000328,TXN000018250,CARD_NOT_PRESENT,ML,71.0,False Positive,837.09,2026-03-05 20:30:19,Mule network
FE0000329,TXN000018284,CARD_NOT_PRESENT,ML,99,Confirmed Fraud,18800.6,2026-07-18 03:44:52,Amount deviation
FE0000330,TXN000018356,ATM_CASHOUT,ML,50.0,Confirmed Fraud,166278.2,2026-06-22 22:08:54,Geographic anomaly
FE0000331,TXN000018395,IMPOSSIBLE_TRAVEL,Hybrid,99,False Positive,3021.52,2026-07-26 04:37:56,Mule network
FE0000332,TXN000018400,MERCHANT_COLLUSION,ML,68.0,Under Review,34542.85,2026-06-03 18:38:57,Geographic anomaly
FE0000333,TXN000018436,CARD_TESTING,Rule,58.2,Confirmed Fraud,22.14,2026-06-14 05:20:55,Device anomaly
FE0000334,TXN000018502,CARD_TESTING,Rule,68.0,Confirmed Fraud,135.5,2026-06-01 16:17:30,Geographic anomaly
FE0000335,TXN000018571,ACCOUNT_TAKEOVER,ML,95,Confirmed Fraud,315018.52,2026-02-15 16:14:01,Amount deviation
FE0000336,TXN000018604,ATM_CASHOUT,Rule,74.0,Under Review,292900.5,2026-03-27 02:25:31,Device anomaly
FE0000337,TXN000018621,MERCHANT_COLLUSION,Rule,56.0,Confirmed Fraud,72374.79,2026-05-09 22:45:06,Device anomaly
FE0000338,TXN000018735,MULE_TRANSFER,ML,52.0,Confirmed Fraud,296411.18,2026-03-20 22:06:55,Mule network
FE0000339,TXN000018759,CARD_NOT_PRESENT,ML,71.9,Under Review,3130.96,2026-05-12 22:43:09,Device anomaly
FE0000340,TXN000018870,MERCHANT_COLLUSION,Hybrid,54.0,Under Review,37216.93,2026-06-26 14:50:05,Geographic anomaly
FE0000341,TXN000018872,CARD_NOT_PRESENT,Hybrid,60.0,Confirmed Fraud,816.07,2026-02-04 15:30:24,Device anomaly
FE0000342,TXN000018900,CARD_NOT_PRESENT,Hybrid,85.2,Confirmed Fraud,677.05,2026-03-02 14:12:53,Device anomaly
FE0000343,TXN000018936,ACCOUNT_TAKEOVER,Hybrid,83.8,Under Review,493982.76,2026-02-09 06:00:19,Amount deviation
FE0000344,TXN000018951,CARD_TESTING,ML,48.0,Confirmed Fraud,13.17,2026-07-19 18:20:40,High velocity
FE0000345,TXN000019029,IMPOSSIBLE_TRAVEL,Rule,56.3,Under Review,1268.06,2026-06-25 08:41:07,Geographic anomaly
FE0000346,TXN000019106,ACCOUNT_TAKEOVER,ML,99,False Positive,258701.21,2026-05-29 02:15:20,Device anomaly
FE0000347,TXN000019145,ATM_CASHOUT,Hybrid,50.0,Confirmed Fraud,290343.93,2026-06-06 15:35:56,High velocity
FE0000348,TXN000019333,IMPOSSIBLE_TRAVEL,Rule,57.3,False Positive,599.67,2026-07-02 05:34:54,Merchant anomaly
FE0000349,TXN000019483,CARD_TESTING,Rule,42.0,False Positive,18.91,2026-06-06 13:12:13,Geographic anomaly
FE0000350,TXN000019510,MULE_TRANSFER,Rule,48.0,Under Review,320158.41,2026-06-23 12:56:35,Amount deviation
FE0000351,TXN000019532,IMPOSSIBLE_TRAVEL,ML,64.8,Under Review,507.7,2026-03-01 11:52:33,Geographic anomaly
FE0000352,TXN000019588,MULE_TRANSFER,Rule,50.0,Confirmed Fraud,212825.49,2026-03-08 09:40:23,Geographic anomaly
FE0000353,TXN000019725,CARD_TESTING,Hybrid,46.1,Under Review,9.32,2026-07-14 20:54:04,Merchant anomaly
FE0000354,TXN000019755,CARD_NOT_PRESENT,ML,78.4,Confirmed Fraud,1173.93,2026-03-11 02:03:32,Amount deviation
FE0000355,TXN000019843,MERCHANT_COLLUSION,Rule,52.0,Under Review,73281.75,2026-04-10 13:34:55,Device anomaly
FE0000356,TXN000019864,MULE_TRANSFER,Hybrid,52.0,Confirmed Fraud,86823.76,2026-04-04 12:24:25,Merchant anomaly
FE0000357,TXN000019883,MERCHANT_COLLUSION,ML,72.0,Under Review,39118.91,2026-07-21 23:28:04,Merchant anomaly
FE0000358,TXN000019893,ATM_CASHOUT,ML,86.0,Confirmed Fraud,234262.2,2026-06-04 02:51:12,Merchant anomaly
FE0000359,TXN000019897,ATM_CASHOUT,Rule,76.0,False Positive,327473.14,2026-02-24 08:41:07,Mule network
FE0000360,TXN000019973,MULE_TRANSFER,Rule,70.0,Under Review,224785.89,2026-05-16 12:45:16,High velocity
FE0000361,TXN000019994,CARD_TESTING,Rule,48.4,Confirmed Fraud,22.07,2026-03-10 21:47:44,Merchant anomaly
FE0000362,TXN000020087,CARD_NOT_PRESENT,Rule,86.1,False Positive,6614.31,2026-02-06 16:45:30,High velocity
FE0000363,TXN000020140,MERCHANT_COLLUSION,Hybrid,66.0,Under Review,109799.05,2026-05-08 04:37:02,Amount deviation
FE0000364,TXN000020154,IMPOSSIBLE_TRAVEL,Rule,89.3,Confirmed Fraud,289707.19,2026-07-01 00:02:44,High velocity
FE0000365,TXN000020200,ACCOUNT_TAKEOVER,Rule,99,Under Review,174184.38,2026-06-05 00:20:48,Geographic anomaly
FE0000366,TXN000020228,MULE_TRANSFER,Hybrid,76.0,False Positive,104736.7,2026-07-24 15:20:45,Merchant anomaly
FE0000367,TXN000020320,IMPOSSIBLE_TRAVEL,Rule,56.5,Under Review,517.05,2026-05-10 21:36:38,High velocity
FE0000368,TXN000020335,ATM_CASHOUT,Rule,48.0,Confirmed Fraud,66020.32,2026-06-21 13:54:50,Merchant anomaly
FE0000369,TXN000020345,ATM_CASHOUT,Hybrid,52.0,Confirmed Fraud,86927.41,2026-05-10 05:16:48,Amount deviation
FE0000370,TXN000020356,VELOCITY_ABUSE,Hybrid,44.8,Under Review,923.87,2026-02-12 16:03:37,Mule network
FE0000371,TXN000020451,CARD_TESTING,Hybrid,38.8,False Positive,85.69,2026-03-22 12:56:30,Device anomaly
FE0000372,TXN000020472,MULE_TRANSFER,Rule,48.0,Under Review,431503.85,2026-07-01 07:42:24,High velocity
FE0000373,TXN000020506,IMPOSSIBLE_TRAVEL,ML,78.6,Confirmed Fraud,4609.06,2026-05-30 03:36:22,Amount deviation
FE0000374,TXN000020579,VELOCITY_ABUSE,Hybrid,52.1,Confirmed Fraud,1057.45,2026-02-07 22:27:06,Geographic anomaly
FE0000375,TXN000020611,CARD_TESTING,Hybrid,48.3,Confirmed Fraud,91.76,2026-07-18 11:30:59,Geographic anomaly
FE0000376,TXN000020617,VELOCITY_ABUSE,ML,58.8,Confirmed Fraud,198.34,2026-02-01 04:38:11,Geographic anomaly
FE0000377,TXN000020619,VELOCITY_ABUSE,Hybrid,86.0,Under Review,1015.08,2026-03-20 00:21:50,Amount deviation
FE0000378,TXN000020643,ACCOUNT_TAKEOVER,Hybrid,85.8,Confirmed Fraud,224137.19,2026-02-06 05:44:07,Geographic anomaly
FE0000379,TXN000020668,CARD_TESTING,Rule,64.4,Confirmed Fraud,58.67,2026-07-19 00:25:50,Device anomaly
FE0000380,TXN000020716,IMPOSSIBLE_TRAVEL,Rule,49.1,False Positive,391.1,2026-06-23 11:08:36,Mule network
FE0000381,TXN000020748,VELOCITY_ABUSE,Rule,60.6,False Positive,3052.15,2026-06-15 21:03:44,Device anomaly
FE0000382,TXN000020770,MULE_TRANSFER,ML,86.0,Confirmed Fraud,109594.29,2026-06-10 00:55:39,Amount deviation
FE0000383,TXN000020799,ATM_CASHOUT,Rule,48.0,Under Review,285679.31,2026-07-02 14:31:01,Merchant anomaly
FE0000384,TXN000020876,VELOCITY_ABUSE,Rule,58.0,Confirmed Fraud,3926.73,2026-04-01 14:58:17,Geographic anomaly
FE0000385,TXN000020880,ACCOUNT_TAKEOVER,Hybrid,89.0,Confirmed Fraud,135093.94,2026-04-19 13:39:06,Amount deviation
FE0000386,TXN000020967,MERCHANT_COLLUSION,Hybrid,54.0,Confirmed Fraud,89273.07,2026-02-03 18:47:54,Mule network
FE0000387,TXN000021038,MERCHANT_COLLUSION,ML,56.0,Under Review,78061.07,2026-07-09 16:06:19,Geographic anomaly
FE0000388,TXN000021071,CARD_NOT_PRESENT,ML,78.1,Confirmed Fraud,3279.06,2026-06-12 07:51:58,Merchant anomaly
FE0000389,TXN000021076,VELOCITY_ABUSE,ML,81.7,Confirmed Fraud,2030.39,2026-06-02 04:04:10,Amount deviation
FE0000390,TXN000021219,IMPOSSIBLE_TRAVEL,Hybrid,76.1,Confirmed Fraud,195.38,2026-05-03 04:39:44,Merchant anomaly
FE0000391,TXN000021232,CARD_NOT_PRESENT,Rule,60.0,Under Review,1216.48,2026-05-06 21:48:56,High velocity
FE0000392,TXN000021248,ACCOUNT_TAKEOVER,Rule,94.2,Confirmed Fraud,176351.0,2026-03-01 19:23:38,Merchant anomaly
FE0000393,TXN000021306,CARD_NOT_PRESENT,ML,69.4,Confirmed Fraud,959.99,2026-07-12 08:02:54,Device anomaly
FE0000394,TXN000021309,CARD_NOT_PRESENT,Rule,84.0,Confirmed Fraud,2058.86,2026-07-08 22:38:40,High velocity
FE0000395,TXN000021315,CARD_TESTING,Hybrid,46.0,False Positive,11.55,2026-03-16 14:16:38,Mule network
FE0000396,TXN000021408,MERCHANT_COLLUSION,Rule,54.0,Confirmed Fraud,111413.13,2026-03-09 23:35:05,Mule network
FE0000397,TXN000021419,CARD_NOT_PRESENT,Hybrid,86.2,Confirmed Fraud,2452.18,2026-03-15 13:44:04,Device anomaly
FE0000398,TXN000021440,VELOCITY_ABUSE,ML,68.0,Confirmed Fraud,1411.52,2026-07-28 19:14:21,Merchant anomaly
FE0000399,TXN000021477,ATM_CASHOUT,ML,52.0,Confirmed Fraud,45613.22,2026-05-09 17:34:51,Device anomaly
FE0000400,TXN000021607,MERCHANT_COLLUSION,Hybrid,50.0,False Positive,39266.31,2026-02-08 05:47:24,High velocity
FE0000401,TXN000021634,ATM_CASHOUT,ML,74.0,Under Review,77277.3,2026-04-11 02:33:07,Device anomaly
FE0000402,TXN000021681,MERCHANT_COLLUSION,Hybrid,72.0,Under Review,41562.03,2026-02-16 02:20:16,Amount deviation
FE0000403,TXN000021711,CARD_NOT_PRESENT,ML,99,Confirmed Fraud,3046.68,2026-04-30 02:23:34,Merchant anomaly
FE0000404,TXN000021762,MERCHANT_COLLUSION,ML,56.0,Confirmed Fraud,22365.43,2026-03-08 11:38:21,Device anomaly
FE0000405,TXN000021857,CARD_TESTING,Rule,48.0,Under Review,2.0,2026-03-23 07:52:14,Amount deviation
FE0000406,TXN000021859,VELOCITY_ABUSE,Rule,49.4,Confirmed Fraud,500.1,2026-07-18 19:01:14,Merchant anomaly
FE0000407,TXN000021869,ACCOUNT_TAKEOVER,ML,99,False Positive,484040.58,2026-07-03 03:57:14,Merchant anomaly
FE0000408,TXN000021911,ATM_CASHOUT,ML,48.0,Under Review,51590.85,2026-02-05 13:38:19,High velocity
FE0000409,TXN000021955,IMPOSSIBLE_TRAVEL,ML,68.0,False Positive,5734.32,2026-02-20 19:28:11,Geographic anomaly
FE0000410,TXN000022003,CARD_NOT_PRESENT,Rule,76.5,Confirmed Fraud,10818.31,2026-02-02 12:31:12,Amount deviation
FE0000411,TXN000022007,ACCOUNT_TAKEOVER,Hybrid,97.5,Confirmed Fraud,314452.44,2026-06-15 16:56:55,Amount deviation
FE0000412,TXN000022027,MERCHANT_COLLUSION,Hybrid,50.0,Under Review,19960.79,2026-06-03 16:07:21,Merchant anomaly
FE0000413,TXN000022031,MULE_TRANSFER,ML,70.0,False Positive,106159.9,2026-05-15 00:47:52,Device anomaly
FE0000414,TXN000022088,MERCHANT_COLLUSION,ML,74.0,False Positive,34362.78,2026-02-13 04:30:22,Amount deviation
FE0000415,TXN000022220,IMPOSSIBLE_TRAVEL,Rule,83.0,False Positive,1503.65,2026-06-23 16:42:56,Device anomaly
FE0000416,TXN000022233,CARD_TESTING,ML,48.1,Confirmed Fraud,66.76,2026-05-11 06:48:38,Geographic anomaly
FE0000417,TXN000022275,VELOCITY_ABUSE,Rule,49.6,False Positive,361.33,2026-07-01 10:49:25,Amount deviation
FE0000418,TXN000022278,CARD_NOT_PRESENT,Rule,88.5,Under Review,3131.44,2026-02-08 17:20:24,Merchant anomaly
FE0000419,TXN000022283,MERCHANT_COLLUSION,ML,68.0,Under Review,56322.13,2026-03-07 10:31:43,Mule network
FE0000420,TXN000022332,ATM_CASHOUT,Rule,56.0,False Positive,80249.96,2026-03-25 15:30:10,Amount deviation
FE0000421,TXN000022469,CARD_NOT_PRESENT,ML,97.4,False Positive,780.33,2026-03-26 02:53:57,Amount deviation
FE0000422,TXN000022495,ACCOUNT_TAKEOVER,Hybrid,99,False Positive,330764.16,2026-04-05 07:05:20,Mule network
FE0000423,TXN000022576,VELOCITY_ABUSE,ML,66.1,Confirmed Fraud,399.01,2026-03-30 12:45:57,Device anomaly
FE0000424,TXN000022639,MERCHANT_COLLUSION,ML,56.0,Under Review,166656.19,2026-02-22 13:59:00,Geographic anomaly
FE0000425,TXN000022646,MERCHANT_COLLUSION,ML,72.0,Confirmed Fraud,54837.79,2026-04-26 17:12:51,Geographic anomaly
FE0000426,TXN000022653,ACCOUNT_TAKEOVER,Hybrid,81.0,Confirmed Fraud,92859.74,2026-02-21 19:17:52,Amount deviation
FE0000427,TXN000022673,MERCHANT_COLLUSION,Hybrid,70.0,False Positive,64974.67,2026-04-22 16:50:49,Geographic anomaly
FE0000428,TXN000022712,CARD_NOT_PRESENT,Hybrid,66.5,Under Review,916.86,2026-06-30 10:33:44,Amount deviation
FE0000429,TXN000022791,VELOCITY_ABUSE,Rule,49.0,Under Review,233.9,2026-06-13 07:44:14,Geographic anomaly
FE0000430,TXN000022793,CARD_TESTING,ML,48.1,False Positive,57.33,2026-05-12 10:26:55,Amount deviation
FE0000431,TXN000022947,MULE_TRANSFER,Rule,74.0,Confirmed Fraud,50206.74,2026-02-08 19:29:34,Mule network
FE0000432,TXN000022980,ATM_CASHOUT,Hybrid,52.0,Confirmed Fraud,101860.57,2026-04-27 13:12:39,Device anomaly
FE0000433,TXN000023089,CARD_NOT_PRESENT,Rule,75.6,Confirmed Fraud,757.91,2026-02-28 21:38:13,High velocity
FE0000434,TXN000023106,CARD_NOT_PRESENT,ML,93.5,Under Review,1105.31,2026-05-26 02:38:25,Amount deviation
FE0000435,TXN000023116,VELOCITY_ABUSE,Rule,49.1,Under Review,3075.5,2026-05-29 05:45:29,High velocity
FE0000436,TXN000023151,CARD_TESTING,Rule,48.1,False Positive,106.37,2026-04-24 22:12:24,Amount deviation
FE0000437,TXN000023269,ACCOUNT_TAKEOVER,ML,82.7,Confirmed Fraud,144963.42,2026-04-18 09:16:55,Geographic anomaly
FE0000438,TXN000023310,CARD_NOT_PRESENT,ML,69.8,Confirmed Fraud,1103.63,2026-07-25 11:25:18,Device anomaly
FE0000439,TXN000023400,VELOCITY_ABUSE,Hybrid,61.3,Under Review,2104.07,2026-06-24 19:11:42,Geographic anomaly
FE0000440,TXN000023531,IMPOSSIBLE_TRAVEL,ML,63.5,False Positive,6141.65,2026-04-18 11:05:12,Mule network
FE0000441,TXN000023541,ATM_CASHOUT,ML,52.0,Confirmed Fraud,379388.61,2026-03-12 14:13:52,Merchant anomaly
FE0000442,TXN000023552,MERCHANT_COLLUSION,Hybrid,56.0,Confirmed Fraud,79747.73,2026-05-28 22:04:04,Device anomaly
FE0000443,TXN000023613,MERCHANT_COLLUSION,Hybrid,50.0,Confirmed Fraud,21891.2,2026-03-03 20:28:02,Geographic anomaly
FE0000444,TXN000023688,CARD_NOT_PRESENT,Rule,84.3,Confirmed Fraud,1595.18,2026-07-17 12:35:33,Geographic anomaly
FE0000445,TXN000023705,VELOCITY_ABUSE,Rule,72.0,Confirmed Fraud,2664.68,2026-05-06 01:32:22,Mule network
FE0000446,TXN000023766,ACCOUNT_TAKEOVER,Rule,99,Under Review,298288.97,2026-05-29 02:41:13,Geographic anomaly
FE0000447,TXN000023861,MERCHANT_COLLUSION,Rule,54.0,Confirmed Fraud,48290.82,2026-05-03 22:04:11,High velocity
FE0000448,TXN000023890,CARD_NOT_PRESENT,Hybrid,65.7,Confirmed Fraud,712.3,2026-03-29 14:04:58,Amount deviation
FE0000449,TXN000023893,CARD_TESTING,ML,68.0,Confirmed Fraud,49.87,2026-03-17 09:35:42,High velocity
FE0000450,TXN000023911,CARD_NOT_PRESENT,Hybrid,90.5,Under Review,1454.0,2026-03-09 04:15:02,Device anomaly
FE0000451,TXN000023969,ATM_CASHOUT,Hybrid,52.0,Under Review,48133.72,2026-07-30 15:05:34,Merchant anomaly
FE0000452,TXN000024002,ATM_CASHOUT,Hybrid,68.0,Confirmed Fraud,477714.25,2026-03-01 23:31:44,Amount deviation
FE0000453,TXN000024033,IMPOSSIBLE_TRAVEL,ML,68.2,False Positive,233.61,2026-03-03 07:51:31,Amount deviation
FE0000454,TXN000024161,MERCHANT_COLLUSION,Hybrid,74.0,Confirmed Fraud,24817.57,2026-04-30 23:20:58,Mule network
FE0000455,TXN000024164,CARD_NOT_PRESENT,ML,64.8,False Positive,725.56,2026-03-06 15:18:24,Merchant anomaly
FE0000456,TXN000024171,VELOCITY_ABUSE,ML,49.3,Confirmed Fraud,119.91,2026-04-09 15:12:34,Device anomaly
FE0000457,TXN000024203,ACCOUNT_TAKEOVER,ML,97.9,Under Review,101490.91,2026-05-14 03:02:55,Geographic anomaly
FE0000458,TXN000024245,MERCHANT_COLLUSION,Rule,68.0,False Positive,79748.54,2026-05-20 00:42:51,Mule network
FE0000459,TXN000024268,IMPOSSIBLE_TRAVEL,ML,85.3,Confirmed Fraud,1321.65,2026-02-10 11:56:10,Merchant anomaly
FE0000460,TXN000024290,IMPOSSIBLE_TRAVEL,ML,71.2,False Positive,901.93,2026-04-02 06:54:03,Device anomaly
FE0000461,TXN000024386,IMPOSSIBLE_TRAVEL,ML,79.9,False Positive,181.3,2026-02-01 01:33:49,Amount deviation
FE0000462,TXN000024416,CARD_TESTING,Rule,43.9,False Positive,97.98,2026-07-03 17:46:21,Device anomaly
FE0000463,TXN000024556,VELOCITY_ABUSE,Rule,48.3,Confirmed Fraud,499.7,2026-03-30 16:04:55,Mule network
FE0000464,TXN000024658,CARD_TESTING,ML,48.0,False Positive,9.32,2026-02-06 05:20:30,Mule network
FE0000465,TXN000024676,CARD_TESTING,ML,48.3,Confirmed Fraud,62.23,2026-03-31 07:13:39,Merchant anomaly
FE0000466,TXN000024683,CARD_NOT_PRESENT,Rule,81.2,Under Review,801.99,2026-07-28 13:11:20,Merchant anomaly
FE0000467,TXN000024752,ATM_CASHOUT,Hybrid,48.0,Under Review,260842.57,2026-03-13 07:01:35,Amount deviation
FE0000468,TXN000025120,MERCHANT_COLLUSION,Hybrid,52.0,Confirmed Fraud,54792.4,2026-04-02 23:53:40,Amount deviation
FE0000469,TXN000025128,IMPOSSIBLE_TRAVEL,ML,43.9,False Positive,214.68,2026-02-16 19:45:03,Geographic anomaly
FE0000470,TXN000025257,CARD_NOT_PRESENT,Hybrid,91.7,Under Review,5949.98,2026-03-21 20:49:49,High velocity
FE0000471,TXN000025280,VELOCITY_ABUSE,Rule,68.0,Confirmed Fraud,1356.25,2026-06-14 22:45:13,Device anomaly
FE0000472,TXN000025315,ATM_CASHOUT,Hybrid,74.0,Under Review,87540.4,2026-05-03 04:17:02,High velocity
FE0000473,TXN000025379,IMPOSSIBLE_TRAVEL,Rule,51.2,Under Review,858.02,2026-07-04 09:31:44,Amount deviation
FE0000474,TXN000025386,ATM_CASHOUT,Rule,56.0,Confirmed Fraud,63579.01,2026-02-02 08:32:58,High velocity
FE0000475,TXN000025387,MERCHANT_COLLUSION,Rule,48.0,Confirmed Fraud,112017.37,2026-04-27 16:05:47,Merchant anomaly
FE0000476,TXN000025410,MULE_TRANSFER,Hybrid,68.0,Confirmed Fraud,331124.71,2026-07-30 04:09:40,Amount deviation
FE0000477,TXN000025441,IMPOSSIBLE_TRAVEL,Hybrid,79.9,False Positive,1179.08,2026-05-29 02:50:30,Geographic anomaly
FE0000478,TXN000025466,VELOCITY_ABUSE,Hybrid,49.5,Under Review,96.14,2026-07-04 08:35:01,Merchant anomaly
FE0000479,TXN000025473,CARD_TESTING,Hybrid,42.1,False Positive,13.85,2026-06-13 23:47:32,Device anomaly
FE0000480,TXN000025480,CARD_TESTING,Rule,48.0,False Positive,9.98,2026-02-20 13:57:38,Amount deviation
FE0000481,TXN000025490,IMPOSSIBLE_TRAVEL,ML,78.6,Under Review,231.23,2026-03-20 03:32:27,Geographic anomaly
FE0000482,TXN000025496,CARD_NOT_PRESENT,ML,58.2,False Positive,256.94,2026-04-17 09:26:47,Mule network
FE0000483,TXN000025519,CARD_NOT_PRESENT,Hybrid,95.6,Confirmed Fraud,1150.22,2026-07-19 03:08:53,Device anomaly
FE0000484,TXN000025573,MERCHANT_COLLUSION,Rule,66.0,False Positive,64784.82,2026-05-19 03:58:12,Amount deviation
FE0000485,TXN000025642,VELOCITY_ABUSE,ML,64.0,False Positive,6638.35,2026-07-06 11:24:52,High velocity
FE0000486,TXN000025651,IMPOSSIBLE_TRAVEL,Hybrid,84.1,Under Review,576.83,2026-02-11 02:55:32,Mule network
FE0000487,TXN000025660,IMPOSSIBLE_TRAVEL,ML,68.1,False Positive,492.25,2026-06-16 13:42:35,High velocity
FE0000488,TXN000025690,VELOCITY_ABUSE,ML,81.5,Confirmed Fraud,1734.79,2026-06-17 07:55:01,High velocity
FE0000489,TXN000025711,MERCHANT_COLLUSION,Hybrid,52.0,Under Review,54195.24,2026-07-06 22:18:03,Merchant anomaly
FE0000490,TXN000025805,MULE_TRANSFER,ML,52.0,Confirmed Fraud,125676.67,2026-05-29 16:56:12,Amount deviation
FE0000491,TXN000025843,CARD_NOT_PRESENT,Rule,76.2,Confirmed Fraud,189.26,2026-06-26 16:45:37,High velocity
FE0000492,TXN000026143,MERCHANT_COLLUSION,ML,68.0,Confirmed Fraud,95787.79,2026-02-28 05:15:53,Mule network
FE0000493,TXN000026172,MERCHANT_COLLUSION,Rule,54.0,False Positive,22718.33,2026-03-06 14:49:37,Merchant anomaly
FE0000494,TXN000026185,IMPOSSIBLE_TRAVEL,Rule,56.4,Confirmed Fraud,249.57,2026-03-02 18:21:09,Merchant anomaly
FE0000495,TXN000026232,CARD_TESTING,Rule,48.0,Under Review,8.35,2026-07-30 09:23:47,Device anomaly
FE0000496,TXN000026247,ACCOUNT_TAKEOVER,Hybrid,99,Under Review,240093.2,2026-03-25 03:56:37,Device anomaly
FE0000497,TXN000026414,MULE_TRANSFER,Hybrid,48.0,Under Review,132896.33,2026-04-12 08:20:18,Amount deviation
FE0000498,TXN000026752,ACCOUNT_TAKEOVER,ML,90.9,Under Review,42809.72,2026-03-11 19:22:09,Geographic anomaly
FE0000499,TXN000026762,ATM_CASHOUT,ML,50.0,Under Review,325337.42,2026-06-02 20:06:26,High velocity
FE0000500,TXN000026810,VELOCITY_ABUSE,Rule,48.8,False Positive,493.53,2026-04-01 12:32:22,Merchant anomaly
FE0000501,TXN000026873,IMPOSSIBLE_TRAVEL,Rule,81.1,False Positive,6221.09,2026-05-22 20:53:03,Merchant anomaly
FE0000502,TXN000026911,VELOCITY_ABUSE,Rule,47.9,False Positive,271.81,2026-07-20 06:31:27,High velocity
FE0000503,TXN000027066,CARD_NOT_PRESENT,ML,64.5,Confirmed Fraud,2049.25,2026-05-11 22:34:36,Merchant anomaly
FE0000504,TXN000027109,CARD_TESTING,Rule,66.4,False Positive,52.62,2026-07-05 01:54:45,Amount deviation
FE0000505,TXN000027117,MULE_TRANSFER,ML,66.0,False Positive,248741.06,2026-05-18 02:58:26,Amount deviation
FE0000506,TXN000027144,VELOCITY_ABUSE,ML,54.5,Under Review,1001.63,2026-06-07 09:41:42,Geographic anomaly
FE0000507,TXN000027171,ATM_CASHOUT,ML,50.0,False Positive,425311.74,2026-05-02 23:35:56,Geographic anomaly
FE0000508,TXN000027177,CARD_TESTING,Rule,48.1,Under Review,19.98,2026-02-12 12:06:44,Mule network
FE0000509,TXN000027370,MERCHANT_COLLUSION,Rule,72.0,Confirmed Fraud,72240.63,2026-03-17 07:00:22,Mule network
FE0000510,TXN000027372,ACCOUNT_TAKEOVER,Rule,97,Under Review,202193.41,2026-06-10 12:12:20,Amount deviation
FE0000511,TXN000027429,ACCOUNT_TAKEOVER,ML,90.3,False Positive,218789.35,2026-07-02 05:18:35,Merchant anomaly
FE0000512,TXN000027464,IMPOSSIBLE_TRAVEL,ML,51.0,Confirmed Fraud,1571.05,2026-06-16 15:28:36,Amount deviation
FE0000513,TXN000027563,MULE_TRANSFER,Rule,56.0,Confirmed Fraud,289808.44,2026-03-29 06:52:25,Device anomaly
FE0000514,TXN000027565,VELOCITY_ABUSE,Rule,62.0,Under Review,9146.5,2026-06-10 23:19:51,Geographic anomaly
FE0000515,TXN000027587,CARD_TESTING,Hybrid,48.0,Under Review,9.11,2026-02-16 16:02:32,Amount deviation
FE0000516,TXN000027626,IMPOSSIBLE_TRAVEL,Rule,60.1,Confirmed Fraud,2217.14,2026-02-03 03:57:25,Amount deviation
FE0000517,TXN000027663,CARD_NOT_PRESENT,Rule,75.9,Under Review,180.34,2026-06-29 22:24:10,Device anomaly
FE0000518,TXN000027697,CARD_NOT_PRESENT,ML,82.8,Confirmed Fraud,4487.6,2026-04-02 14:43:48,High velocity
FE0000519,TXN000027704,CARD_TESTING,Hybrid,64.2,Confirmed Fraud,100.64,2026-07-11 15:55:08,High velocity
FE0000520,TXN000027762,MERCHANT_COLLUSION,Rule,70.0,Under Review,93670.95,2026-07-23 01:55:15,Device anomaly
FE0000521,TXN000027854,CARD_NOT_PRESENT,ML,66.6,Under Review,901.1,2026-06-03 15:25:29,Geographic anomaly
FE0000522,TXN000027900,CARD_NOT_PRESENT,Hybrid,79.3,Under Review,441.79,2026-07-21 07:07:35,Amount deviation
FE0000523,TXN000028082,MERCHANT_COLLUSION,ML,56.0,Under Review,33662.87,2026-03-31 05:50:29,Mule network
FE0000524,TXN000028087,IMPOSSIBLE_TRAVEL,ML,58.0,Under Review,703.6,2026-07-28 01:52:41,Amount deviation
FE0000525,TXN000028128,CARD_TESTING,Rule,64.5,False Positive,56.03,2026-03-13 01:07:25,Device anomaly
FE0000526,TXN000028182,ACCOUNT_TAKEOVER,Hybrid,87.2,False Positive,160580.75,2026-03-04 17:21:16,Device anomaly
FE0000527,TXN000028262,ATM_CASHOUT,ML,68.0,False Positive,232733.36,2026-04-17 13:08:09,Device anomaly
FE0000528,TXN000028301,IMPOSSIBLE_TRAVEL,Rule,77.9,Confirmed Fraud,752.02,2026-07-20 23:34:33,Mule network
FE0000529,TXN000028315,ACCOUNT_TAKEOVER,Rule,96.3,Under Review,297703.02,2026-06-18 23:28:18,Merchant anomaly
FE0000530,TXN000028363,IMPOSSIBLE_TRAVEL,ML,76.9,Under Review,1603.32,2026-07-15 01:55:27,Merchant anomaly
FE0000531,TXN000028401,VELOCITY_ABUSE,ML,49.5,False Positive,990.29,2026-07-08 15:51:41,Mule network
FE0000532,TXN000028476,IMPOSSIBLE_TRAVEL,Hybrid,44.3,Confirmed Fraud,475.77,2026-03-16 16:33:58,Mule network
FE0000533,TXN000028602,IMPOSSIBLE_TRAVEL,Hybrid,67.0,False Positive,1260.41,2026-05-18 18:31:04,Geographic anomaly
FE0000534,TXN000028670,MERCHANT_COLLUSION,Hybrid,72.0,Under Review,45595.5,2026-02-08 21:37:38,Amount deviation
FE0000535,TXN000028681,IMPOSSIBLE_TRAVEL,Rule,46.0,Confirmed Fraud,481.06,2026-03-16 08:26:41,Device anomaly
FE0000536,TXN000028790,VELOCITY_ABUSE,Hybrid,73.3,False Positive,4352.44,2026-02-04 00:11:24,Merchant anomaly
FE0000537,TXN000028869,CARD_NOT_PRESENT,Hybrid,79.9,False Positive,7688.03,2026-06-15 15:25:26,Merchant anomaly
FE0000538,TXN000028900,VELOCITY_ABUSE,Rule,68.7,False Positive,2354.35,2026-03-15 23:55:51,Geographic anomaly
FE0000539,TXN000029069,MULE_TRANSFER,Hybrid,48.0,False Positive,250391.97,2026-04-23 19:32:58,Mule network
FE0000540,TXN000029100,MERCHANT_COLLUSION,Rule,48.0,Confirmed Fraud,34064.81,2026-04-10 23:28:11,Geographic anomaly
FE0000541,TXN000029158,ACCOUNT_TAKEOVER,ML,80.3,False Positive,35609.22,2026-06-27 16:06:23,Geographic anomaly
FE0000542,TXN000029222,VELOCITY_ABUSE,Rule,57.9,Confirmed Fraud,1662.29,2026-05-29 03:15:37,Merchant anomaly
FE0000543,TXN000029234,IMPOSSIBLE_TRAVEL,ML,48.5,Confirmed Fraud,2498.54,2026-03-29 18:17:06,Merchant anomaly
FE0000544,TXN000029277,MULE_TRANSFER,Hybrid,68.0,Under Review,191102.55,2026-02-05 10:57:29,Mule network
FE0000545,TXN000029383,ATM_CASHOUT,ML,86.0,False Positive,182803.97,2026-04-02 04:18:52,Merchant anomaly
FE0000546,TXN000029403,MULE_TRANSFER,Hybrid,52.0,Confirmed Fraud,450396.93,2026-06-13 20:47:13,High velocity
FE0000547,TXN000029465,ATM_CASHOUT,ML,50.0,Confirmed Fraud,98051.82,2026-06-22 11:34:24,Geographic anomaly
FE0000548,TXN000029487,ATM_CASHOUT,Rule,70.0,Confirmed Fraud,85783.93,2026-05-07 03:51:17,Mule network
FE0000549,TXN000029508,VELOCITY_ABUSE,Rule,66.7,Confirmed Fraud,548.08,2026-02-17 00:27:58,High velocity
FE0000550,TXN000029524,CARD_NOT_PRESENT,ML,97,Confirmed Fraud,5003.11,2026-05-21 18:23:37,Device anomaly
FE0000551,TXN000029564,ACCOUNT_TAKEOVER,ML,83.1,Confirmed Fraud,117533.33,2026-04-30 17:49:43,Merchant anomaly
FE0000552,TXN000029605,MERCHANT_COLLUSION,Hybrid,72.0,Confirmed Fraud,78337.08,2026-02-16 01:53:20,Merchant anomaly
FE0000553,TXN000029664,ACCOUNT_TAKEOVER,Hybrid,91.5,False Positive,73713.79,2026-05-23 17:40:57,High velocity
FE0000554,TXN000029666,MULE_TRANSFER,Hybrid,48.0,False Positive,145903.17,2026-02-27 06:26:04,Mule network
FE0000555,TXN000029702,CARD_NOT_PRESENT,ML,83.1,Under Review,449.36,2026-05-05 20:35:33,Geographic anomaly
FE0000556,TXN000029798,CARD_TESTING,Hybrid,48.3,Confirmed Fraud,104.36,2026-06-14 17:03:36,Amount deviation
FE0000557,TXN000029849,MULE_TRANSFER,Rule,54.0,Confirmed Fraud,186504.77,2026-05-08 07:40:06,Geographic anomaly
FE0000558,TXN000029987,MULE_TRANSFER,Hybrid,50.0,False Positive,238946.06,2026-03-07 15:04:47,High velocity
FE0000559,TXN000030075,CARD_TESTING,ML,68.3,Under Review,49.57,2026-02-07 05:44:30,Mule network
FE0000560,TXN000030084,MULE_TRANSFER,ML,70.0,Confirmed Fraud,139933.63,2026-04-29 02:05:03,Merchant anomaly
FE0000561,TXN000030130,MULE_TRANSFER,ML,50.0,Confirmed Fraud,347453.63,2026-04-10 07:03:02,Mule network
FE0000562,TXN000030202,MULE_TRANSFER,Hybrid,52.0,Confirmed Fraud,361319.83,2026-05-28 11:06:35,High velocity
FE0000563,TXN000030249,CARD_TESTING,Hybrid,48.1,Confirmed Fraud,40.44,2026-04-13 06:44:16,High velocity
FE0000564,TXN000030282,MULE_TRANSFER,ML,70.0,False Positive,219917.96,2026-06-22 11:11:24,High velocity
FE0000565,TXN000030414,MULE_TRANSFER,ML,52.0,Confirmed Fraud,70391.22,2026-04-17 17:40:56,Device anomaly
FE0000566,TXN000030455,MULE_TRANSFER,ML,72.0,Under Review,168520.0,2026-06-09 02:30:34,Device anomaly
FE0000567,TXN000030458,ACCOUNT_TAKEOVER,ML,83.7,False Positive,426918.86,2026-06-05 19:20:08,Amount deviation
FE0000568,TXN000030464,CARD_NOT_PRESENT,ML,76.4,Under Review,624.21,2026-04-14 16:30:17,Geographic anomaly
FE0000569,TXN000030545,ACCOUNT_TAKEOVER,Rule,99,Confirmed Fraud,91198.1,2026-05-29 04:12:49,Amount deviation
FE0000570,TXN000030558,CARD_NOT_PRESENT,Hybrid,66.4,Under Review,362.8,2026-04-22 23:14:26,High velocity
FE0000571,TXN000030568,IMPOSSIBLE_TRAVEL,ML,87.8,Confirmed Fraud,13146.6,2026-03-11 06:12:26,Mule network
FE0000572,TXN000030629,MULE_TRANSFER,ML,90.0,Confirmed Fraud,268247.28,2026-02-01 00:32:28,Device anomaly
FE0000573,TXN000030656,MERCHANT_COLLUSION,Hybrid,86.0,Confirmed Fraud,182945.12,2026-05-27 00:42:31,Geographic anomaly
FE0000574,TXN000030846,ATM_CASHOUT,Hybrid,50.0,Under Review,183940.26,2026-06-30 07:10:31,Mule network
FE0000575,TXN000031025,CARD_NOT_PRESENT,Rule,61.3,False Positive,118.01,2026-05-05 07:52:50,Merchant anomaly
FE0000576,TXN000031042,IMPOSSIBLE_TRAVEL,ML,74.3,Confirmed Fraud,1416.76,2026-02-14 00:27:22,Amount deviation
FE0000577,TXN000031049,IMPOSSIBLE_TRAVEL,Rule,83.8,Under Review,860.15,2026-07-29 19:48:40,Amount deviation
FE0000578,TXN000031226,VELOCITY_ABUSE,Hybrid,68.0,Under Review,1227.52,2026-04-12 10:49:54,High velocity
FE0000579,TXN000031227,CARD_NOT_PRESENT,Hybrid,87.3,False Positive,667695.57,2026-05-04 13:39:16,Amount deviation
FE0000580,TXN000031447,MERCHANT_COLLUSION,Hybrid,74.0,Under Review,18672.62,2026-04-27 07:14:00,Mule network
FE0000581,TXN000031460,MERCHANT_COLLUSION,Rule,68.0,Under Review,57112.33,2026-02-18 00:18:20,Geographic anomaly
FE0000582,TXN000031512,VELOCITY_ABUSE,Hybrid,73.7,False Positive,1323.47,2026-07-14 23:47:22,Device anomaly
FE0000583,TXN000031518,MULE_TRANSFER,ML,74.0,Confirmed Fraud,386413.0,2026-06-16 04:01:12,Merchant anomaly
FE0000584,TXN000031594,CARD_TESTING,Hybrid,48.2,Confirmed Fraud,51.25,2026-07-27 16:39:52,Geographic anomaly
FE0000585,TXN000031623,IMPOSSIBLE_TRAVEL,Hybrid,48.9,Confirmed Fraud,527.07,2026-03-31 14:55:14,Merchant anomaly
FE0000586,TXN000031638,CARD_TESTING,ML,48.4,Under Review,96.9,2026-04-18 23:54:44,Amount deviation
FE0000587,TXN000031711,MERCHANT_COLLUSION,Rule,54.0,False Positive,42138.66,2026-05-27 12:04:44,Amount deviation
FE0000588,TXN000031776,ATM_CASHOUT,Rule,54.0,Confirmed Fraud,105984.14,2026-03-20 16:01:50,High velocity
FE0000589,TXN000031794,MULE_TRANSFER,Hybrid,48.0,False Positive,162144.94,2026-06-16 18:59:43,Device anomaly
FE0000590,TXN000031932,ATM_CASHOUT,ML,54.0,Under Review,108439.86,2026-05-02 08:00:20,High velocity
FE0000591,TXN000031963,ACCOUNT_TAKEOVER,Hybrid,91.6,False Positive,396024.94,2026-05-14 18:59:13,Merchant anomaly
FE0000592,TXN000031999,ACCOUNT_TAKEOVER,ML,88.7,Confirmed Fraud,193627.0,2026-07-06 23:35:04,Geographic anomaly
FE0000593,TXN000032003,MERCHANT_COLLUSION,Rule,88.0,Confirmed Fraud,127389.3,2026-03-11 04:35:46,Device anomaly
FE0000594,TXN000032039,CARD_NOT_PRESENT,Hybrid,70.2,False Positive,525.6,2026-03-26 14:11:38,Mule network
FE0000595,TXN000032095,CARD_NOT_PRESENT,Hybrid,91.6,Confirmed Fraud,2647.74,2026-06-04 22:25:41,Amount deviation
FE0000596,TXN000032098,ATM_CASHOUT,ML,48.0,Under Review,198285.62,2026-05-30 10:47:31,Merchant anomaly
FE0000597,TXN000032119,IMPOSSIBLE_TRAVEL,ML,53.6,Confirmed Fraud,265.94,2026-05-03 19:48:47,Mule network
FE0000598,TXN000032127,MULE_TRANSFER,Rule,68.0,Under Review,48916.54,2026-05-13 04:54:29,Mule network
FE0000599,TXN000032184,CARD_NOT_PRESENT,Rule,78.7,Confirmed Fraud,918.17,2026-02-28 20:44:41,Geographic anomaly
FE0000600,TXN000032217,MULE_TRANSFER,ML,72.0,Confirmed Fraud,205988.12,2026-05-18 07:43:27,Merchant anomaly
FE0000601,TXN000032391,VELOCITY_ABUSE,Rule,66.3,Confirmed Fraud,296.61,2026-02-18 22:25:07,Amount deviation
FE0000602,TXN000032531,ATM_CASHOUT,ML,48.0,Confirmed Fraud,251021.04,2026-06-25 07:21:17,Merchant anomaly
FE0000603,TXN000032582,VELOCITY_ABUSE,Hybrid,73.2,Under Review,340.75,2026-06-18 09:08:21,High velocity
FE0000604,TXN000032725,ATM_CASHOUT,Rule,48.0,Confirmed Fraud,144298.39,2026-07-20 07:29:41,High velocity
FE0000605,TXN000032764,MERCHANT_COLLUSION,Rule,74.0,Confirmed Fraud,116861.19,2026-03-29 15:16:00,Amount deviation
FE0000606,TXN000032822,MERCHANT_COLLUSION,Hybrid,50.0,Under Review,150762.66,2026-05-11 11:24:12,High velocity
FE0000607,TXN000032848,IMPOSSIBLE_TRAVEL,Hybrid,73.1,False Positive,881.63,2026-02-06 01:44:35,Geographic anomaly
FE0000608,TXN000032907,CARD_NOT_PRESENT,Rule,84.8,Under Review,1376.81,2026-03-02 11:25:56,Mule network
FE0000609,TXN000032915,CARD_NOT_PRESENT,Rule,81.5,Confirmed Fraud,568.75,2026-02-25 18:21:57,Geographic anomaly
FE0000610,TXN000032933,IMPOSSIBLE_TRAVEL,ML,70.7,Under Review,1610.67,2026-05-21 02:43:17,Amount deviation
FE0000611,TXN000033121,VELOCITY_ABUSE,Hybrid,66.5,Under Review,591.07,2026-07-17 07:23:04,Geographic anomaly
FE0000612,TXN000033152,ACCOUNT_TAKEOVER,Hybrid,97.0,Confirmed Fraud,268010.18,2026-04-19 21:34:12,Device anomaly
FE0000613,TXN000033253,IMPOSSIBLE_TRAVEL,ML,81,False Positive,802.41,2026-02-14 14:15:16,High velocity
FE0000614,TXN000033332,ACCOUNT_TAKEOVER,Hybrid,93.8,Confirmed Fraud,272082.31,2026-04-05 12:16:34,Geographic anomaly
FE0000615,TXN000033369,CARD_TESTING,Rule,62.5,False Positive,69.73,2026-05-03 15:24:48,Geographic anomaly
FE0000616,TXN000033418,ACCOUNT_TAKEOVER,ML,82.1,Confirmed Fraud,63899.59,2026-07-26 12:13:43,Mule network
FE0000617,TXN000033425,CARD_NOT_PRESENT,ML,65.7,Confirmed Fraud,1302.55,2026-02-16 20:51:20,Geographic anomaly
FE0000618,TXN000033436,MULE_TRANSFER,ML,76.0,Under Review,241522.81,2026-02-17 13:08:19,Merchant anomaly
FE0000619,TXN000033456,IMPOSSIBLE_TRAVEL,Rule,93.2,Confirmed Fraud,1052.77,2026-03-04 02:48:26,Mule network
FE0000620,TXN000033470,ATM_CASHOUT,ML,70.0,False Positive,199665.97,2026-04-20 00:38:37,Merchant anomaly
FE0000621,TXN000033588,CARD_TESTING,ML,40.5,False Positive,123.42,2026-06-07 15:27:24,Merchant anomaly
FE0000622,TXN000033632,CARD_TESTING,ML,68.0,Under Review,16.75,2026-06-28 06:20:26,Device anomaly
FE0000623,TXN000033656,MULE_TRANSFER,Rule,54.0,Confirmed Fraud,30637.75,2026-06-05 20:04:23,Mule network
FE0000624,TXN000033729,MERCHANT_COLLUSION,ML,56.0,False Positive,61532.11,2026-04-01 18:25:35,Mule network
FE0000625,TXN000034050,VELOCITY_ABUSE,Rule,49.1,Confirmed Fraud,403.42,2026-05-30 15:08:25,High velocity
FE0000626,TXN000034352,MULE_TRANSFER,Hybrid,76.0,Confirmed Fraud,264666.96,2026-06-01 18:16:50,Device anomaly
FE0000627,TXN000034354,MULE_TRANSFER,Rule,54.0,Under Review,515435.28,2026-03-16 05:27:50,Merchant anomaly
FE0000628,TXN000034399,ACCOUNT_TAKEOVER,ML,99,False Positive,189067.15,2026-07-19 01:25:04,Amount deviation
FE0000629,TXN000034445,IMPOSSIBLE_TRAVEL,Rule,58.5,False Positive,1230.08,2026-06-26 08:33:17,Merchant anomaly
FE0000630,TXN000034563,ACCOUNT_TAKEOVER,ML,81.3,Under Review,41125.26,2026-05-08 22:48:40,Geographic anomaly
FE0000631,TXN000034663,CARD_NOT_PRESENT,Hybrid,85.5,Confirmed Fraud,1295.99,2026-06-30 20:54:58,High velocity
FE0000632,TXN000034674,VELOCITY_ABUSE,Rule,50.9,Confirmed Fraud,647.15,2026-07-18 05:11:11,High velocity
FE0000633,TXN000034680,MERCHANT_COLLUSION,ML,50.0,Confirmed Fraud,37668.14,2026-05-26 14:26:51,Geographic anomaly
FE0000634,TXN000034697,MERCHANT_COLLUSION,ML,48.0,False Positive,111017.36,2026-05-07 19:02:32,Geographic anomaly
FE0000635,TXN000034793,MERCHANT_COLLUSION,Rule,52.0,Confirmed Fraud,58874.77,2026-07-22 09:41:18,Merchant anomaly
FE0000636,TXN000034812,MULE_TRANSFER,Hybrid,86.0,Confirmed Fraud,274886.12,2026-04-14 00:20:09,Geographic anomaly
FE0000637,TXN000034855,IMPOSSIBLE_TRAVEL,Hybrid,89.3,Confirmed Fraud,1589.3,2026-02-12 14:58:54,Mule network
FE0000638,TXN000034879,CARD_NOT_PRESENT,Rule,62.4,Confirmed Fraud,397.74,2026-05-18 21:59:58,Merchant anomaly
FE0000639,TXN000034971,MERCHANT_COLLUSION,Hybrid,52.0,Confirmed Fraud,23938.62,2026-07-22 08:15:01,Geographic anomaly
FE0000640,TXN000035159,ATM_CASHOUT,Hybrid,68.0,False Positive,544735.96,2026-04-04 02:04:07,Mule network
FE0000641,TXN000035175,CARD_NOT_PRESENT,Hybrid,95,Confirmed Fraud,2405.4,2026-02-03 20:23:46,Geographic anomaly
FE0000642,TXN000035264,CARD_TESTING,ML,82.0,Confirmed Fraud,51.03,2026-02-24 03:21:57,Merchant anomaly
FE0000643,TXN000035550,ACCOUNT_TAKEOVER,Rule,97.6,Confirmed Fraud,132665.93,2026-03-30 00:58:11,High velocity
FE0000644,TXN000035631,CARD_NOT_PRESENT,ML,63.8,Confirmed Fraud,283.09,2026-03-12 05:53:23,Merchant anomaly
FE0000645,TXN000035682,CARD_NOT_PRESENT,Rule,99,Confirmed Fraud,991.4,2026-04-03 02:57:51,Device anomaly
FE0000646,TXN000035720,ATM_CASHOUT,Rule,56.0,Under Review,342036.44,2026-07-01 18:06:55,Amount deviation
FE0000647,TXN000035773,MULE_TRANSFER,Rule,74.0,Confirmed Fraud,26836.17,2026-03-22 04:02:02,Amount deviation
FE0000648,TXN000035789,ACCOUNT_TAKEOVER,Hybrid,95,Under Review,49672.69,2026-05-08 19:44:57,Merchant anomaly
FE0000649,TXN000035833,MERCHANT_COLLUSION,Rule,72.0,Confirmed Fraud,63375.85,2026-03-16 23:00:55,Amount deviation
FE0000650,TXN000035872,VELOCITY_ABUSE,ML,45.4,Confirmed Fraud,424.66,2026-04-16 17:11:49,Merchant anomaly
FE0000651,TXN000035915,ACCOUNT_TAKEOVER,Hybrid,92.4,Confirmed Fraud,103631.76,2026-06-20 11:13:26,High velocity
FE0000652,TXN000035979,ACCOUNT_TAKEOVER,ML,99,False Positive,146173.39,2026-03-10 01:16:29,High velocity
FE0000653,TXN000036183,VELOCITY_ABUSE,Rule,44.6,Under Review,55.63,2026-03-03 06:54:18,Amount deviation
FE0000654,TXN000036340,VELOCITY_ABUSE,Rule,42.3,Under Review,124.78,2026-02-22 22:18:29,Merchant anomaly
FE0000655,TXN000036373,CARD_NOT_PRESENT,Rule,84.8,False Positive,10890.32,2026-06-10 21:11:05,High velocity
FE0000656,TXN000036385,MULE_TRANSFER,Rule,54.0,Under Review,489593.95,2026-07-06 07:17:33,Geographic anomaly
FE0000657,TXN000036433,ATM_CASHOUT,Rule,70.0,Confirmed Fraud,453074.94,2026-06-13 03:09:35,Mule network
FE0000658,TXN000036534,VELOCITY_ABUSE,Rule,54.8,Under Review,707.71,2026-04-23 07:56:30,Mule network
FE0000659,TXN000036659,MULE_TRANSFER,ML,54.0,False Positive,559860.82,2026-07-28 05:36:23,Merchant anomaly
FE0000660,TXN000036693,ACCOUNT_TAKEOVER,Hybrid,98.6,Under Review,422640.11,2026-06-04 00:12:45,High velocity
FE0000661,TXN000036748,CARD_NOT_PRESENT,Hybrid,99,Confirmed Fraud,1449.6,2026-04-07 00:57:58,Amount deviation
FE0000662,TXN000036749,CARD_NOT_PRESENT,ML,76.4,Confirmed Fraud,263.19,2026-03-07 08:06:53,High velocity
FE0000663,TXN000036754,IMPOSSIBLE_TRAVEL,Rule,81.8,False Positive,853.78,2026-04-12 05:06:56,Geographic anomaly
FE0000664,TXN000036793,IMPOSSIBLE_TRAVEL,Rule,73.4,Confirmed Fraud,1235.81,2026-04-30 01:40:15,Device anomaly
FE0000665,TXN000036876,MULE_TRANSFER,ML,72.0,Under Review,264714.29,2026-05-11 20:14:57,Device anomaly
FE0000666,TXN000037019,IMPOSSIBLE_TRAVEL,Hybrid,63.3,False Positive,363.25,2026-06-14 06:23:59,High velocity
FE0000667,TXN000037112,MERCHANT_COLLUSION,Rule,52.0,Under Review,110390.15,2026-02-22 08:23:15,Device anomaly
FE0000668,TXN000037145,ATM_CASHOUT,Rule,48.0,False Positive,50240.77,2026-02-07 15:53:15,Mule network
FE0000669,TXN000037204,MERCHANT_COLLUSION,Hybrid,50.0,False Positive,40430.25,2026-07-19 13:20:15,Device anomaly
FE0000670,TXN000037327,ACCOUNT_TAKEOVER,Rule,83.6,Under Review,204843.83,2026-02-02 12:09:37,High velocity
FE0000671,TXN000037510,MERCHANT_COLLUSION,ML,68.0,Confirmed Fraud,101150.41,2026-06-04 08:44:21,Mule network
FE0000672,TXN000037533,VELOCITY_ABUSE,ML,88.9,Confirmed Fraud,476.12,2026-07-02 01:30:19,Merchant anomaly
FE0000673,TXN000037711,IMPOSSIBLE_TRAVEL,Rule,60.3,Under Review,542.24,2026-07-04 17:37:42,Merchant anomaly
FE0000674,TXN000037844,CARD_NOT_PRESENT,ML,78.2,Under Review,11235.47,2026-06-05 14:58:35,Merchant anomaly
FE0000675,TXN000037970,CARD_TESTING,ML,48.0,Under Review,24.27,2026-04-22 14:08:16,Mule network
FE0000676,TXN000037993,ATM_CASHOUT,Rule,68.0,Confirmed Fraud,198175.38,2026-04-08 20:06:06,High velocity
FE0000677,TXN000037999,VELOCITY_ABUSE,Hybrid,79.0,False Positive,1294.52,2026-07-17 19:29:55,Amount deviation
FE0000678,TXN000038013,CARD_NOT_PRESENT,ML,82.3,Confirmed Fraud,2413.91,2026-03-18 17:33:16,Mule network
FE0000679,TXN000038016,VELOCITY_ABUSE,Hybrid,84.2,Confirmed Fraud,3121.18,2026-04-28 00:07:36,Geographic anomaly
FE0000680,TXN000038152,CARD_NOT_PRESENT,Rule,93.5,Under Review,820.94,2026-04-23 00:02:32,Merchant anomaly
FE0000681,TXN000038192,ATM_CASHOUT,ML,52.0,False Positive,83255.71,2026-06-13 08:14:36,Device anomaly
FE0000682,TXN000038216,ACCOUNT_TAKEOVER,Hybrid,94.4,Confirmed Fraud,155572.37,2026-07-14 11:44:12,Mule network
FE0000683,TXN000038218,CARD_TESTING,Hybrid,58.7,False Positive,74.74,2026-07-03 16:45:42,Amount deviation
FE0000684,TXN000038248,MULE_TRANSFER,Hybrid,74.0,Confirmed Fraud,248632.54,2026-06-03 20:14:02,High velocity
FE0000685,TXN000038271,IMPOSSIBLE_TRAVEL,ML,52.6,Confirmed Fraud,1766.47,2026-06-26 13:43:48,Mule network
FE0000686,TXN000038274,IMPOSSIBLE_TRAVEL,ML,76.7,Under Review,799.03,2026-07-05 08:10:41,Geographic anomaly
FE0000687,TXN000038298,MERCHANT_COLLUSION,Rule,48.0,Confirmed Fraud,85617.71,2026-07-05 12:10:32,Geographic anomaly
FE0000688,TXN000038306,CARD_NOT_PRESENT,ML,99,Confirmed Fraud,2109.25,2026-05-16 04:43:03,Amount deviation
FE0000689,TXN000038336,MERCHANT_COLLUSION,Hybrid,86.0,Confirmed Fraud,117843.72,2026-04-06 01:32:32,Geographic anomaly
FE0000690,TXN000038468,CARD_TESTING,Hybrid,69.1,Under Review,130.8,2026-07-03 11:26:48,Amount deviation
FE0000691,TXN000038482,ATM_CASHOUT,ML,56.0,Under Review,401058.48,2026-05-19 17:43:58,Merchant anomaly
FE0000692,TXN000038495,VELOCITY_ABUSE,ML,46.1,False Positive,287.51,2026-06-18 16:40:39,Mule network
FE0000693,TXN000038537,VELOCITY_ABUSE,Hybrid,51.8,False Positive,212.17,2026-06-24 20:34:30,Device anomaly
FE0000694,TXN000038557,MERCHANT_COLLUSION,ML,72.0,Confirmed Fraud,100140.91,2026-04-30 03:04:30,Amount deviation
FE0000695,TXN000038563,MULE_TRANSFER,ML,48.0,Confirmed Fraud,187140.24,2026-06-11 23:54:39,High velocity
FE0000696,TXN000038630,ACCOUNT_TAKEOVER,ML,99,Confirmed Fraud,172180.63,2026-03-28 01:07:38,Amount deviation
FE0000697,TXN000038650,MERCHANT_COLLUSION,ML,50.0,Confirmed Fraud,171856.35,2026-02-08 23:34:55,Merchant anomaly
FE0000698,TXN000038720,ACCOUNT_TAKEOVER,Hybrid,88.7,False Positive,186156.25,2026-03-12 09:51:47,Geographic anomaly
FE0000699,TXN000038753,IMPOSSIBLE_TRAVEL,ML,93,False Positive,5229.16,2026-05-03 08:36:20,Geographic anomaly
FE0000700,TXN000038766,MERCHANT_COLLUSION,Hybrid,52.0,Confirmed Fraud,86482.34,2026-06-30 07:18:03,Amount deviation
FE0000701,TXN000038837,ACCOUNT_TAKEOVER,Hybrid,91.4,Under Review,354722.07,2026-03-03 12:12:31,Device anomaly
FE0000702,TXN000038863,MERCHANT_COLLUSION,Rule,52.0,Under Review,77752.54,2026-04-30 18:38:40,Amount deviation
FE0000703,TXN000038887,ACCOUNT_TAKEOVER,Hybrid,84.3,Confirmed Fraud,236441.74,2026-07-17 21:03:12,Merchant anomaly
FE0000704,TXN000038896,CARD_NOT_PRESENT,ML,95.6,Under Review,594254.87,2026-05-12 19:37:51,Geographic anomaly
FE0000705,TXN000038912,CARD_NOT_PRESENT,Rule,99,False Positive,677.57,2026-02-17 01:55:01,High velocity
FE0000706,TXN000039029,IMPOSSIBLE_TRAVEL,Hybrid,53.2,Under Review,223.29,2026-05-08 22:21:04,Amount deviation
FE0000707,TXN000039043,MULE_TRANSFER,Rule,50.0,Under Review,285031.14,2026-04-27 09:20:59,High velocity
FE0000708,TXN000039083,ACCOUNT_TAKEOVER,Rule,83.9,Confirmed Fraud,23881.7,2026-02-19 05:03:05,Merchant anomaly
FE0000709,TXN000039096,ACCOUNT_TAKEOVER,ML,91.8,Under Review,222781.72,2026-04-28 12:52:40,Device anomaly
FE0000710,TXN000039140,MULE_TRANSFER,Rule,56.0,Confirmed Fraud,138927.21,2026-03-08 20:31:56,Amount deviation
FE0000711,TXN000039254,ATM_CASHOUT,Hybrid,72.0,False Positive,174999.81,2026-04-07 00:00:39,Device anomaly
FE0000712,TXN000039269,CARD_TESTING,Rule,40.1,False Positive,17.79,2026-05-07 11:55:22,Mule network
FE0000713,TXN000039316,MERCHANT_COLLUSION,ML,50.0,Under Review,95303.56,2026-03-09 17:59:10,Geographic anomaly
FE0000714,TXN000039345,ATM_CASHOUT,ML,70.0,False Positive,168740.23,2026-04-19 19:05:15,Mule network
FE0000715,TXN000039373,CARD_TESTING,Rule,48.1,Confirmed Fraud,34.51,2026-05-25 21:38:43,High velocity
FE0000716,TXN000039493,CARD_NOT_PRESENT,Rule,74.5,Confirmed Fraud,1018.43,2026-02-14 09:32:26,Amount deviation
FE0000717,TXN000039510,MERCHANT_COLLUSION,ML,66.0,False Positive,87349.51,2026-04-06 04:43:16,High velocity
FE0000718,TXN000039516,CARD_NOT_PRESENT,ML,82.9,Confirmed Fraud,1807.38,2026-05-26 09:22:06,Device anomaly
FE0000719,TXN000039570,CARD_TESTING,ML,48.4,Confirmed Fraud,58.7,2026-05-27 10:28:18,Device anomaly
FE0000720,TXN000039644,CARD_TESTING,Hybrid,48.2,Confirmed Fraud,29.58,2026-06-05 19:28:37,Geographic anomaly
FE0000721,TXN000039692,IMPOSSIBLE_TRAVEL,ML,90.7,False Positive,358328.98,2026-07-23 09:03:11,Mule network
FE0000722,TXN000039735,CARD_NOT_PRESENT,Rule,99,Confirmed Fraud,1788.06,2026-07-09 14:41:14,Geographic anomaly
FE0000723,TXN000039781,ATM_CASHOUT,ML,54.0,Confirmed Fraud,104558.75,2026-06-08 23:07:23,Device anomaly
FE0000724,TXN000039788,MERCHANT_COLLUSION,Rule,56.0,Confirmed Fraud,30663.59,2026-04-26 21:03:07,Amount deviation
FE0000725,TXN000039817,MULE_TRANSFER,Hybrid,54.0,Confirmed Fraud,110159.38,2026-02-12 20:34:59,Device anomaly
FE0000726,TXN000039835,CARD_TESTING,Hybrid,48.0,False Positive,39.05,2026-07-03 14:56:32,High velocity
FE0000727,TXN000039846,ATM_CASHOUT,Hybrid,94.0,False Positive,145840.14,2026-04-15 04:15:23,High velocity
FE0000728,TXN000039860,CARD_NOT_PRESENT,Rule,62.7,Confirmed Fraud,1073.62,2026-02-04 17:43:04,Device anomaly
FE0000729,TXN000039911,ACCOUNT_TAKEOVER,Rule,95,False Positive,211068.53,2026-06-26 19:58:02,Amount deviation
FE0000730,TXN000040031,VELOCITY_ABUSE,Rule,99,Confirmed Fraud,3321.38,2026-03-03 02:16:32,Amount deviation
FE0000731,TXN000040041,MULE_TRANSFER,Rule,90.0,Under Review,171621.55,2026-03-05 04:08:50,Device anomaly
FE0000732,TXN000040075,CARD_NOT_PRESENT,ML,69.8,Under Review,738.09,2026-05-25 17:37:38,Device anomaly
FE0000733,TXN000040095,CARD_NOT_PRESENT,ML,75.3,Confirmed Fraud,805.45,2026-03-25 06:10:11,Geographic anomaly
FE0000734,TXN000040238,ATM_CASHOUT,Rule,54.0,Under Review,129980.45,2026-02-08 06:28:37,Geographic anomaly
FE0000735,TXN000040340,ATM_CASHOUT,Rule,72.0,Under Review,72357.01,2026-05-14 14:51:57,Amount deviation
FE0000736,TXN000040372,CARD_TESTING,Rule,46.1,False Positive,20.99,2026-03-20 21:13:20,Geographic anomaly
FE0000737,TXN000040439,ACCOUNT_TAKEOVER,Rule,83.2,False Positive,30833.13,2026-02-03 19:00:09,Amount deviation
FE0000738,TXN000040468,VELOCITY_ABUSE,Hybrid,46.1,Confirmed Fraud,337.68,2026-05-25 22:24:51,Merchant anomaly
FE0000739,TXN000040498,CARD_NOT_PRESENT,ML,99,Confirmed Fraud,1336.98,2026-04-13 00:16:23,Device anomaly
FE0000740,TXN000040542,CARD_TESTING,Rule,68.6,Confirmed Fraud,84.26,2026-05-31 12:00:29,High velocity
FE0000741,TXN000040551,IMPOSSIBLE_TRAVEL,ML,61.7,False Positive,3292.81,2026-02-27 01:17:30,High velocity
FE0000742,TXN000040564,MERCHANT_COLLUSION,Hybrid,54.0,Confirmed Fraud,70081.67,2026-05-17 15:49:17,High velocity
FE0000743,TXN000040713,ATM_CASHOUT,Rule,52.0,Confirmed Fraud,182257.39,2026-04-06 12:28:12,Device anomaly
FE0000744,TXN000040867,IMPOSSIBLE_TRAVEL,Hybrid,52.1,False Positive,656.45,2026-06-22 15:10:54,High velocity
FE0000745,TXN000040879,CARD_TESTING,Hybrid,38.3,Confirmed Fraud,132.09,2026-03-13 11:29:19,Geographic anomaly
FE0000746,TXN000040961,IMPOSSIBLE_TRAVEL,ML,77.6,False Positive,183.84,2026-03-17 03:30:12,High velocity
FE0000747,TXN000040963,VELOCITY_ABUSE,Rule,41.5,Confirmed Fraud,653.77,2026-03-28 20:05:07,Geographic anomaly
FE0000748,TXN000040969,CARD_TESTING,Rule,48.4,Under Review,47.32,2026-07-29 16:17:44,Geographic anomaly
FE0000749,TXN000041028,ATM_CASHOUT,Rule,48.0,False Positive,446976.14,2026-04-04 14:25:55,Merchant anomaly
FE0000750,TXN000041032,CARD_TESTING,Hybrid,49.2,Confirmed Fraud,61.06,2026-03-12 22:11:35,Geographic anomaly
FE0000751,TXN000041157,MERCHANT_COLLUSION,ML,50.0,Under Review,69316.44,2026-07-28 20:42:08,Merchant anomaly
FE0000752,TXN000041178,CARD_NOT_PRESENT,ML,76.4,Confirmed Fraud,2819.41,2026-04-29 20:46:47,Device anomaly
FE0000753,TXN000041180,MERCHANT_COLLUSION,Hybrid,52.0,Under Review,46436.02,2026-05-27 16:48:59,Merchant anomaly
FE0000754,TXN000041201,MERCHANT_COLLUSION,ML,52.0,Under Review,152023.27,2026-03-09 14:07:12,Mule network
FE0000755,TXN000041235,MERCHANT_COLLUSION,ML,52.0,Confirmed Fraud,146778.36,2026-02-28 20:12:58,Device anomaly
FE0000756,TXN000041257,IMPOSSIBLE_TRAVEL,Hybrid,65.6,False Positive,3957.31,2026-02-03 20:20:18,Geographic anomaly
FE0000757,TXN000041310,MERCHANT_COLLUSION,Rule,72.0,Under Review,81314.18,2026-07-05 21:25:23,Amount deviation
FE0000758,TXN000041443,ATM_CASHOUT,Rule,76.0,Confirmed Fraud,65089.73,2026-05-25 18:31:17,Geographic anomaly
FE0000759,TXN000041451,ACCOUNT_TAKEOVER,ML,91.8,Confirmed Fraud,83648.68,2026-06-17 19:40:34,Amount deviation
FE0000760,TXN000041493,CARD_NOT_PRESENT,Hybrid,97,Under Review,6852.82,2026-03-31 06:55:55,Device anomaly
FE0000761,TXN000041592,MERCHANT_COLLUSION,ML,52.0,Under Review,101195.84,2026-03-23 12:32:12,Merchant anomaly
FE0000762,TXN000041608,MERCHANT_COLLUSION,Hybrid,50.0,Confirmed Fraud,106776.62,2026-05-03 17:30:03,Mule network
FE0000763,TXN000041690,MERCHANT_COLLUSION,Rule,48.0,Under Review,34131.73,2026-03-14 14:35:45,Mule network
FE0000764,TXN000041708,ACCOUNT_TAKEOVER,ML,90.9,False Positive,214033.39,2026-02-19 15:05:23,Merchant anomaly
FE0000765,TXN000041729,IMPOSSIBLE_TRAVEL,ML,83.6,Under Review,298139.99,2026-06-13 15:47:48,High velocity
FE0000766,TXN000041759,MERCHANT_COLLUSION,Rule,68.0,False Positive,58246.26,2026-05-14 00:00:10,Merchant anomaly
FE0000767,TXN000041772,CARD_TESTING,ML,68.3,Confirmed Fraud,94.11,2026-06-28 20:24:46,High velocity
FE0000768,TXN000041775,MULE_TRANSFER,Rule,56.0,Confirmed Fraud,104638.76,2026-05-06 12:57:12,Geographic anomaly
FE0000769,TXN000041797,IMPOSSIBLE_TRAVEL,Hybrid,60.4,False Positive,721.85,2026-04-29 08:03:10,Device anomaly
FE0000770,TXN000041825,MERCHANT_COLLUSION,Hybrid,54.0,Under Review,69457.59,2026-02-20 07:02:59,Mule network
FE0000771,TXN000041843,MERCHANT_COLLUSION,Hybrid,54.0,Confirmed Fraud,109911.28,2026-05-03 18:24:37,Mule network
FE0000772,TXN000041907,IMPOSSIBLE_TRAVEL,Hybrid,49.3,Confirmed Fraud,459.3,2026-03-27 05:29:15,Device anomaly
FE0000773,TXN000041942,VELOCITY_ABUSE,Rule,70.9,False Positive,930.19,2026-03-17 14:25:07,Geographic anomaly
FE0000774,TXN000041973,MERCHANT_COLLUSION,ML,70.0,Confirmed Fraud,56756.63,2026-06-26 15:29:55,Device anomaly
FE0000775,TXN000041983,CARD_TESTING,Rule,48.9,Confirmed Fraud,117.97,2026-03-09 21:41:18,Amount deviation
FE0000776,TXN000042065,ATM_CASHOUT,Rule,54.0,Under Review,502845.9,2026-03-23 16:09:24,High velocity
FE0000777,TXN000042130,ATM_CASHOUT,Hybrid,56.0,Confirmed Fraud,24948.83,2026-07-15 07:13:11,Merchant anomaly
FE0000778,TXN000042140,CARD_TESTING,Rule,66.6,Confirmed Fraud,73.56,2026-06-20 02:32:35,Geographic anomaly
FE0000779,TXN000042184,ATM_CASHOUT,Rule,90.0,Under Review,214917.1,2026-06-19 01:57:40,Merchant anomaly
FE0000780,TXN000042221,ATM_CASHOUT,ML,48.0,False Positive,72799.96,2026-03-01 07:56:06,Mule network
FE0000781,TXN000042454,VELOCITY_ABUSE,ML,57.0,Confirmed Fraud,3087.01,2026-02-20 05:48:46,Geographic anomaly
FE0000782,TXN000042619,ATM_CASHOUT,Rule,48.0,Under Review,77002.09,2026-06-22 06:27:17,Merchant anomaly
FE0000783,TXN000042665,VELOCITY_ABUSE,Hybrid,71.3,Confirmed Fraud,2977.17,2026-02-05 00:26:57,Amount deviation
FE0000784,TXN000042752,MULE_TRANSFER,Rule,52.0,Confirmed Fraud,193127.86,2026-06-02 11:32:02,Device anomaly
FE0000785,TXN000042772,ACCOUNT_TAKEOVER,ML,97,False Positive,118861.64,2026-07-23 23:05:22,Amount deviation
FE0000786,TXN000042784,MULE_TRANSFER,ML,72.0,Confirmed Fraud,274062.3,2026-04-30 13:35:47,High velocity
FE0000787,TXN000042921,MERCHANT_COLLUSION,ML,48.0,Under Review,36954.76,2026-03-31 13:39:32,Merchant anomaly
FE0000788,TXN000042952,ATM_CASHOUT,ML,56.0,Under Review,471279.13,2026-04-01 14:06:44,Geographic anomaly
FE0000789,TXN000042956,MULE_TRANSFER,ML,54.0,False Positive,83728.66,2026-02-24 11:25:05,Device anomaly
FE0000790,TXN000043048,VELOCITY_ABUSE,Hybrid,65.2,Under Review,283.38,2026-02-20 01:11:14,Geographic anomaly
FE0000791,TXN000043073,ACCOUNT_TAKEOVER,ML,88.8,False Positive,447178.78,2026-07-02 11:49:41,Mule network
FE0000792,TXN000043110,CARD_NOT_PRESENT,ML,66.2,Confirmed Fraud,275.17,2026-06-05 10:43:45,High velocity
FE0000793,TXN000043231,ATM_CASHOUT,Hybrid,72.0,False Positive,36888.02,2026-04-21 02:48:03,Geographic anomaly
FE0000794,TXN000043235,VELOCITY_ABUSE,Hybrid,50.1,False Positive,1804.11,2026-05-31 16:19:24,Mule network
FE0000795,TXN000043317,ATM_CASHOUT,Hybrid,56.0,Confirmed Fraud,190722.27,2026-02-07 08:43:22,High velocity
FE0000796,TXN000043405,MERCHANT_COLLUSION,Rule,48.0,False Positive,33522.33,2026-05-12 08:31:09,Merchant anomaly
FE0000797,TXN000043523,ACCOUNT_TAKEOVER,Hybrid,96.7,Confirmed Fraud,57109.3,2026-06-24 03:04:02,Merchant anomaly
FE0000798,TXN000043563,VELOCITY_ABUSE,Rule,54.3,Confirmed Fraud,1742.88,2026-03-17 16:43:17,Merchant anomaly
FE0000799,TXN000043697,CARD_NOT_PRESENT,Hybrid,76.4,Under Review,746.14,2026-07-30 13:52:01,High velocity
FE0000800,TXN000043758,ATM_CASHOUT,ML,54.0,False Positive,53157.49,2026-07-04 21:13:20,Mule network
FE0000801,TXN000043778,ATM_CASHOUT,Rule,70.0,Confirmed Fraud,211772.58,2026-05-02 00:17:18,Merchant anomaly
FE0000802,TXN000043816,MERCHANT_COLLUSION,ML,56.0,False Positive,85870.15,2026-03-13 07:20:30,Geographic anomaly
FE0000803,TXN000043853,ACCOUNT_TAKEOVER,ML,89.5,Under Review,102286.68,2026-05-03 07:36:13,Mule network
FE0000804,TXN000043869,VELOCITY_ABUSE,ML,68.8,Confirmed Fraud,184.45,2026-07-05 03:05:42,Mule network
FE0000805,TXN000043901,MULE_TRANSFER,ML,70.0,False Positive,227163.19,2026-06-10 07:15:37,High velocity
FE0000806,TXN000043917,ACCOUNT_TAKEOVER,Rule,97,False Positive,441078.47,2026-05-13 11:46:14,Amount deviation
FE0000807,TXN000043921,CARD_NOT_PRESENT,ML,71.0,Under Review,1110.88,2026-06-06 07:10:25,Amount deviation
FE0000808,TXN000043943,CARD_TESTING,Rule,48.2,Under Review,55.63,2026-02-15 16:01:28,Amount deviation
FE0000809,TXN000043950,ACCOUNT_TAKEOVER,Rule,83.8,False Positive,204664.36,2026-02-24 06:59:32,Amount deviation
FE0000810,TXN000044026,CARD_NOT_PRESENT,Hybrid,99,Confirmed Fraud,57.74,2026-07-23 00:28:27,Amount deviation
FE0000811,TXN000044068,VELOCITY_ABUSE,ML,68.9,Confirmed Fraud,1890.81,2026-05-31 06:06:18,Mule network
FE0000812,TXN000044248,IMPOSSIBLE_TRAVEL,Rule,49.8,Confirmed Fraud,1323.46,2026-07-09 10:22:51,Amount deviation
FE0000813,TXN000044471,MULE_TRANSFER,ML,76.0,Confirmed Fraud,291345.82,2026-07-30 12:27:22,Merchant anomaly
FE0000814,TXN000044513,IMPOSSIBLE_TRAVEL,Hybrid,99,Confirmed Fraud,913.04,2026-06-08 00:59:02,Device anomaly
FE0000815,TXN000044593,CARD_NOT_PRESENT,Hybrid,82.2,False Positive,969.54,2026-07-20 04:21:43,Merchant anomaly
FE0000816,TXN000044611,CARD_NOT_PRESENT,Rule,99,Confirmed Fraud,1412.91,2026-06-02 04:53:16,Merchant anomaly
FE0000817,TXN000044618,MERCHANT_COLLUSION,ML,66.0,Confirmed Fraud,17056.73,2026-04-02 00:43:49,Mule network
FE0000818,TXN000044639,ATM_CASHOUT,Hybrid,74.0,Confirmed Fraud,474173.08,2026-06-13 04:17:44,High velocity
FE0000819,TXN000044680,CARD_NOT_PRESENT,ML,89.4,Confirmed Fraud,424.27,2026-05-01 03:29:00,Geographic anomaly
FE0000820,TXN000044705,ATM_CASHOUT,ML,48.0,Under Review,270001.69,2026-06-02 16:55:03,Mule network
FE0000821,TXN000044773,ATM_CASHOUT,Hybrid,54.0,Confirmed Fraud,193788.61,2026-05-27 09:39:48,Amount deviation
FE0000822,TXN000044780,VELOCITY_ABUSE,ML,84.5,Confirmed Fraud,352.66,2026-03-13 04:59:22,High velocity
FE0000823,TXN000044895,CARD_NOT_PRESENT,Hybrid,72.7,Confirmed Fraud,510.1,2026-05-27 20:30:40,Amount deviation
FE0000824,TXN000044958,MULE_TRANSFER,Rule,70.0,False Positive,360601.07,2026-05-29 17:56:31,Amount deviation
FE0000825,TXN000045016,IMPOSSIBLE_TRAVEL,ML,69.0,False Positive,1049.05,2026-05-31 13:09:53,Geographic anomaly
FE0000826,TXN000045021,CARD_NOT_PRESENT,ML,69.3,Under Review,1716.95,2026-04-16 16:47:09,Mule network
FE0000827,TXN000045051,CARD_TESTING,Hybrid,49.1,Confirmed Fraud,10.81,2026-02-27 21:30:13,Merchant anomaly
FE0000828,TXN000045183,ATM_CASHOUT,ML,48.0,Confirmed Fraud,456253.21,2026-02-09 13:01:53,Amount deviation
FE0000829,TXN000045225,ATM_CASHOUT,Hybrid,68.0,False Positive,450844.04,2026-06-01 03:11:37,Amount deviation
FE0000830,TXN000045310,CARD_NOT_PRESENT,ML,90.1,Under Review,1172.87,2026-02-23 02:25:51,Amount deviation
FE0000831,TXN000045314,CARD_TESTING,ML,42.1,Under Review,85.61,2026-07-19 11:07:42,Amount deviation
FE0000832,TXN000045364,MERCHANT_COLLUSION,Hybrid,50.0,Confirmed Fraud,48620.78,2026-03-04 13:57:41,Mule network
FE0000833,TXN000045448,IMPOSSIBLE_TRAVEL,ML,45.3,Confirmed Fraud,804.96,2026-05-28 05:26:00,Device anomaly
FE0000834,TXN000045477,MULE_TRANSFER,Hybrid,68.0,Confirmed Fraud,180505.63,2026-07-24 06:46:29,High velocity
FE0000835,TXN000045510,CARD_TESTING,Hybrid,38.6,Confirmed Fraud,65.73,2026-04-19 21:17:32,Mule network
FE0000836,TXN000045589,IMPOSSIBLE_TRAVEL,ML,36.4,Confirmed Fraud,1067.81,2026-07-13 20:35:47,Device anomaly
FE0000837,TXN000045605,CARD_NOT_PRESENT,Hybrid,77.9,Confirmed Fraud,1134.96,2026-04-03 17:36:21,Geographic anomaly
FE0000838,TXN000045624,ACCOUNT_TAKEOVER,Hybrid,87.6,Confirmed Fraud,64081.25,2026-03-28 08:14:33,Mule network
FE0000839,TXN000045683,MULE_TRANSFER,Hybrid,70.0,Under Review,231357.12,2026-06-15 20:42:38,Merchant anomaly
FE0000840,TXN000045761,ATM_CASHOUT,Rule,74.0,Under Review,429605.52,2026-06-18 01:17:57,High velocity
FE0000841,TXN000045767,MULE_TRANSFER,ML,56.0,Confirmed Fraud,21273.34,2026-07-19 15:42:41,High velocity
FE0000842,TXN000045939,CARD_NOT_PRESENT,Rule,97.3,Confirmed Fraud,7772.88,2026-07-29 10:15:36,Device anomaly
FE0000843,TXN000045998,MULE_TRANSFER,ML,70.0,Under Review,147844.08,2026-07-01 00:56:02,Device anomaly
FE0000844,TXN000046030,MERCHANT_COLLUSION,Hybrid,48.0,Confirmed Fraud,45566.25,2026-07-20 15:51:13,Mule network
FE0000845,TXN000046032,IMPOSSIBLE_TRAVEL,ML,53.4,False Positive,1577.27,2026-07-27 16:40:02,Mule network
FE0000846,TXN000046043,MULE_TRANSFER,Rule,54.0,Confirmed Fraud,367047.47,2026-02-21 16:50:20,Mule network
FE0000847,TXN000046075,IMPOSSIBLE_TRAVEL,ML,80.4,Confirmed Fraud,514.88,2026-02-10 09:20:40,Geographic anomaly
FE0000848,TXN000046143,CARD_TESTING,Rule,48.0,Under Review,57.56,2026-03-26 22:34:38,Merchant anomaly
FE0000849,TXN000046167,MERCHANT_COLLUSION,Hybrid,56.0,False Positive,31935.83,2026-06-20 06:14:01,Geographic anomaly
FE0000850,TXN000046370,CARD_TESTING,ML,48.0,Confirmed Fraud,4.2,2026-03-15 10:26:29,Device anomaly
FE0000851,TXN000046457,CARD_NOT_PRESENT,ML,66.3,Confirmed Fraud,606.94,2026-03-31 10:42:35,Merchant anomaly
FE0000852,TXN000046474,IMPOSSIBLE_TRAVEL,Rule,69.2,Confirmed Fraud,393.91,2026-03-09 00:26:13,Merchant anomaly
FE0000853,TXN000046477,CARD_TESTING,Hybrid,42.0,Confirmed Fraud,36.07,2026-02-06 06:09:24,High velocity
FE0000854,TXN000046517,ATM_CASHOUT,Hybrid,70.0,Confirmed Fraud,315082.76,2026-03-30 02:33:35,Geographic anomaly
FE0000855,TXN000046704,MERCHANT_COLLUSION,Rule,56.0,Confirmed Fraud,75839.92,2026-05-16 21:09:46,Merchant anomaly
FE0000856,TXN000046720,CARD_TESTING,ML,66.1,Under Review,39.41,2026-06-03 16:59:39,Mule network
FE0000857,TXN000046766,ACCOUNT_TAKEOVER,ML,99,Confirmed Fraud,59771.44,2026-04-26 15:05:57,Mule network
FE0000858,TXN000046996,VELOCITY_ABUSE,Hybrid,45.5,False Positive,982.56,2026-06-24 06:25:49,High velocity
FE0000859,TXN000047013,ACCOUNT_TAKEOVER,Rule,78.4,Confirmed Fraud,435806.67,2026-07-30 09:01:19,Amount deviation
FE0000860,TXN000047043,CARD_TESTING,Hybrid,48.3,Confirmed Fraud,40.85,2026-02-02 10:52:31,High velocity
FE0000861,TXN000047123,CARD_TESTING,Rule,48.0,Under Review,75.65,2026-07-15 06:17:22,Merchant anomaly
FE0000862,TXN000047327,ATM_CASHOUT,Rule,52.0,Confirmed Fraud,179843.33,2026-04-28 23:32:52,Merchant anomaly
FE0000863,TXN000047340,ATM_CASHOUT,Rule,68.0,Under Review,250781.66,2026-02-01 18:51:24,High velocity
FE0000864,TXN000047562,VELOCITY_ABUSE,Hybrid,67.8,Confirmed Fraud,1689.7,2026-02-07 01:20:51,Mule network
FE0000865,TXN000047602,ATM_CASHOUT,Hybrid,52.0,Confirmed Fraud,175418.05,2026-02-28 20:13:17,Mule network
FE0000866,TXN000047658,ATM_CASHOUT,Hybrid,90.0,Confirmed Fraud,162438.01,2026-04-10 01:47:49,Device anomaly
FE0000867,TXN000047716,IMPOSSIBLE_TRAVEL,ML,49.6,Confirmed Fraud,375.68,2026-06-07 08:41:24,Amount deviation
FE0000868,TXN000047789,CARD_TESTING,Hybrid,48.4,Confirmed Fraud,76.78,2026-03-20 17:14:58,Geographic anomaly
FE0000869,TXN000047839,ATM_CASHOUT,ML,76.0,Under Review,207326.89,2026-05-27 13:44:30,Geographic anomaly
FE0000870,TXN000047844,IMPOSSIBLE_TRAVEL,ML,41.1,Confirmed Fraud,229.45,2026-06-18 07:25:11,Amount deviation
FE0000871,TXN000047976,IMPOSSIBLE_TRAVEL,Hybrid,81.2,Confirmed Fraud,3721.65,2026-02-09 03:54:50,Mule network
FE0000872,TXN000048232,IMPOSSIBLE_TRAVEL,ML,61.6,Confirmed Fraud,2298.58,2026-06-10 15:35:23,High velocity
FE0000873,TXN000048247,MERCHANT_COLLUSION,ML,70.0,Under Review,44001.38,2026-07-29 03:36:31,Device anomaly
FE0000874,TXN000048292,ATM_CASHOUT,ML,76.0,Confirmed Fraud,372330.6,2026-07-22 10:25:47,Merchant anomaly
FE0000875,TXN000048308,CARD_NOT_PRESENT,Rule,87.0,Confirmed Fraud,336.57,2026-04-01 12:05:37,Mule network
FE0000876,TXN000048334,VELOCITY_ABUSE,Rule,78.8,False Positive,333.34,2026-02-18 03:16:51,Mule network
FE0000877,TXN000048389,IMPOSSIBLE_TRAVEL,Rule,65.0,False Positive,1772.53,2026-02-23 03:50:07,Geographic anomaly
FE0000878,TXN000048402,IMPOSSIBLE_TRAVEL,ML,74.0,Confirmed Fraud,1745.05,2026-02-14 13:41:32,Device anomaly
FE0000879,TXN000048440,ATM_CASHOUT,ML,68.0,False Positive,276477.62,2026-02-15 14:21:06,Amount deviation
FE0000880,TXN000048455,CARD_TESTING,Hybrid,48.3,Confirmed Fraud,6.94,2026-04-07 12:19:45,Merchant anomaly
FE0000881,TXN000048507,IMPOSSIBLE_TRAVEL,Rule,72.1,False Positive,1236491.53,2026-03-29 02:36:30,Geographic anomaly
FE0000882,TXN000048533,CARD_NOT_PRESENT,Rule,84.2,Confirmed Fraud,402.98,2026-05-04 03:44:12,Geographic anomaly
FE0000883,TXN000048634,MULE_TRANSFER,Hybrid,54.0,False Positive,208257.06,2026-03-23 18:08:04,Mule network
FE0000884,TXN000048659,MULE_TRANSFER,Hybrid,74.0,Under Review,224631.17,2026-07-02 00:14:09,High velocity
FE0000885,TXN000048691,CARD_TESTING,Hybrid,66.4,Confirmed Fraud,92.47,2026-05-28 12:38:06,Amount deviation
FE0000886,TXN000048698,VELOCITY_ABUSE,ML,62.0,Confirmed Fraud,253.13,2026-04-29 08:22:30,Geographic anomaly
FE0000887,TXN000048742,ATM_CASHOUT,ML,50.0,Under Review,145288.55,2026-06-12 13:55:38,Merchant anomaly
FE0000888,TXN000048812,ATM_CASHOUT,Hybrid,50.0,Confirmed Fraud,242787.48,2026-07-03 13:16:38,Amount deviation
FE0000889,TXN000048831,CARD_NOT_PRESENT,Hybrid,76.8,Under Review,155.95,2026-02-26 22:34:36,Merchant anomaly
FE0000890,TXN000048908,CARD_TESTING,Rule,80.1,Confirmed Fraud,72.45,2026-02-28 02:07:19,Amount deviation
FE0000891,TXN000048947,IMPOSSIBLE_TRAVEL,Hybrid,67.7,False Positive,6411.83,2026-07-27 17:11:03,Geographic anomaly
FE0000892,TXN000049129,ATM_CASHOUT,Rule,50.0,False Positive,398279.39,2026-02-01 11:33:35,Amount deviation
FE0000893,TXN000049155,CARD_TESTING,Hybrid,48.1,Confirmed Fraud,18.42,2026-07-18 16:34:14,Geographic anomaly
FE0000894,TXN000049186,ACCOUNT_TAKEOVER,Rule,93.3,False Positive,132038.14,2026-04-17 08:42:01,Mule network
FE0000895,TXN000049234,IMPOSSIBLE_TRAVEL,Rule,50.0,Under Review,556.93,2026-02-16 21:36:28,Geographic anomaly
FE0000896,TXN000049326,VELOCITY_ABUSE,Rule,56.5,Confirmed Fraud,479.6,2026-06-21 04:14:52,High velocity
FE0000897,TXN000049393,CARD_NOT_PRESENT,Rule,69.7,Confirmed Fraud,1283.92,2026-07-13 05:34:07,Geographic anomaly
FE0000898,TXN000049446,VELOCITY_ABUSE,Rule,69.6,Confirmed Fraud,692.71,2026-04-04 04:14:24,Merchant anomaly
FE0000899,TXN000049487,MULE_TRANSFER,Hybrid,52.0,Confirmed Fraud,141882.64,2026-04-29 10:06:46,Mule network
FE0000900,TXN000049540,VELOCITY_ABUSE,ML,75.7,Confirmed Fraud,2198.34,2026-06-28 20:25:00,High velocity
FE0000901,TXN000049575,VELOCITY_ABUSE,Rule,63.6,Under Review,833.69,2026-07-02 08:26:13,Geographic anomaly
FE0000902,TXN000049650,ACCOUNT_TAKEOVER,Hybrid,86.8,Under Review,279611.62,2026-07-26 13:22:27,Mule network
FE0000903,TXN000049771,ACCOUNT_TAKEOVER,Rule,85.0,Confirmed Fraud,390372.26,2026-02-07 14:01:49,Mule network
FE0000904,TXN000049800,MERCHANT_COLLUSION,Rule,50.0,Confirmed Fraud,120415.89,2026-04-25 08:12:31,Merchant anomaly
FE0000905,TXN000049837,CARD_TESTING,Rule,66.2,Confirmed Fraud,28.18,2026-05-21 01:30:53,Mule network
FE0000906,TXN000049939,ACCOUNT_TAKEOVER,Hybrid,94.0,Under Review,181358.31,2026-07-16 12:34:10,Mule network
FE0000907,TXN000049959,MULE_TRANSFER,Hybrid,52.0,False Positive,366916.39,2026-06-15 20:15:24,Amount deviation
