merchant_id,merchant_name,merchant_category,city,state,latitude,longitude,merchant_risk_band,active_flag
MER00001,SYNTHETIC MERCHANT 00001,Grocery,Delhi,Delhi,28.45666,77.19917,Low,Y
MER00002,SYNTHETIC MERCHANT 00002,Healthcare,Bengaluru,Karnataka,12.9336,77.62531,Medium,Y
MER00003,SYNTHETIC MERCHANT 00003,Electronics,Hyderabad,Telangana,17.26945,78.61581,Low,Y
MER00004,SYNTHETIC MERCHANT 00004,Grocery,Bengaluru,Karnataka,12.99469,77.70874,Low,Y
MER00005,SYNTHETIC MERCHANT 00005,Grocery,Ahmedabad,Gujarat,23.19895,72.67416,Low,Y
MER00006,SYNTHETIC MERCHANT 00006,Jewellery,Delhi,Delhi,28.74629,77.05093,Low,Y
MER00007,SYNTHETIC MERCHANT 00007,E-commerce,Jaipur,Rajasthan,27.09592,75.66934,Low,Y
MER00008,SYNTHETIC MERCHANT 00008,Fuel,Delhi,Delhi,28.5836,77.38753,Low,Y
MER00009,SYNTHETIC MERCHANT 00009,Gaming,Pune,Maharashtra,18.34203,73.65931,High,Y
MER00010,SYNTHETIC MERCHANT 00010,Fuel,Ahmedabad,Gujarat,22.97145,72.62124,Low,N
MER00011,SYNTHETIC MERCHANT 00011,Healthcare,Jaipur,Rajasthan,26.82038,75.82673,Low,Y
MER00012,SYNTHETIC MERCHANT 00012,Grocery,Jaipur,Rajasthan,26.79134,75.84248,High,N
MER00013,SYNTHETIC MERCHANT 00013,Utilities,Delhi,Delhi,28.46322,77.09833,Low,Y
MER00014,SYNTHETIC MERCHANT 00014,Jewellery,Chennai,Tamil Nadu,12.98933,80.13832,Medium,Y
MER00015,SYNTHETIC MERCHANT 00015,Grocery,Chennai,Tamil Nadu,13.05855,80.26601,High,Y
MER00016,SYNTHETIC MERCHANT 00016,Travel,Kolkata,West Bengal,22.73989,88.29266,Medium,Y
MER00017,SYNTHETIC MERCHANT 00017,Healthcare,Delhi,Delhi,28.63461,77.04945,Low,Y
MER00018,SYNTHETIC MERCHANT 00018,Electronics,Jaipur,Rajasthan,26.93826,75.88571,Low,Y
MER00019,SYNTHETIC MERCHANT 00019,Electronics,Mumbai,Maharashtra,19.16766,72.89168,Low,Y
MER00020,SYNTHETIC MERCHANT 00020,Utilities,Kolkata,West Bengal,22.56713,88.30554,Low,Y
MER00021,SYNTHETIC MERCHANT 00021,Healthcare,Pune,Maharashtra,18.36053,74.0104,Low,Y
MER00022,SYNTHETIC MERCHANT 00022,Grocery,Delhi,Delhi,28.5924,77.01545,Low,N
MER00023,SYNTHETIC MERCHANT 00023,Gaming,Mumbai,Maharashtra,19.23207,72.95694,Low,Y
MER00024,SYNTHETIC MERCHANT 00024,Fuel,Hyderabad,Telangana,17.41423,78.68147,Low,Y
MER00025,SYNTHETIC MERCHANT 00025,Jewellery,Hyderabad,Telangana,17.31796,78.58413,Low,Y
MER00026,SYNTHETIC MERCHANT 00026,Travel,Ahmedabad,Gujarat,23.11306,72.70781,Low,Y
MER00027,SYNTHETIC MERCHANT 00027,E-commerce,Delhi,Delhi,28.61106,77.03987,Low,Y
MER00028,SYNTHETIC MERCHANT 00028,Jewellery,Ahmedabad,Gujarat,23.07491,72.45588,Low,Y
MER00029,SYNTHETIC MERCHANT 00029,Grocery,Mumbai,Maharashtra,18.99072,73.04552,Low,Y
MER00030,SYNTHETIC MERCHANT 00030,Electronics,Ahmedabad,Gujarat,23.14508,72.52786,Medium,N
MER00031,SYNTHETIC MERCHANT 00031,Electronics,Chennai,Tamil Nadu,13.00212,80.29425,Medium,Y
MER00032,SYNTHETIC MERCHANT 00032,Education,Bengaluru,Karnataka,13.12323,77.76299,Low,N
MER00033,SYNTHETIC MERCHANT 00033,Electronics,Kolkata,West Bengal,22.60281,88.40626,Low,Y
MER00034,SYNTHETIC MERCHANT 00034,E-commerce,Pune,Maharashtra,18.57011,73.70456,Low,N
MER00035,SYNTHETIC MERCHANT 00035,Grocery,Bengaluru,Karnataka,13.02016,77.58527,Low,Y
MER00036,SYNTHETIC MERCHANT 00036,Education,Delhi,Delhi,28.69203,77.28969,Low,Y
MER00037,SYNTHETIC MERCHANT 00037,Jewellery,Kochi,Kerala,10.03261,76.38315,Medium,Y
MER00038,SYNTHETIC MERCHANT 00038,Education,Chennai,Tamil Nadu,13.05687,80.45128,Low,Y
MER00039,SYNTHETIC MERCHANT 00039,Healthcare,Ahmedabad,Gujarat,22.94027,72.44558,High,Y
MER00040,SYNTHETIC MERCHANT 00040,Gaming,Mumbai,Maharashtra,19.02063,72.71167,Medium,Y
MER00041,SYNTHETIC MERCHANT 00041,Restaurants,Kolkata,West Bengal,22.56634,88.55868,Low,Y
MER00042,SYNTHETIC MERCHANT 00042,Fuel,Mumbai,Maharashtra,19.16774,72.9361,Low,Y
MER00043,SYNTHETIC MERCHANT 00043,Grocery,Mumbai,Maharashtra,18.90462,73.03141,Medium,Y
MER00044,SYNTHETIC MERCHANT 00044,Grocery,Chennai,Tamil Nadu,13.02235,80.32236,Low,N
MER00045,SYNTHETIC MERCHANT 00045,Jewellery,Mumbai,Maharashtra,18.90486,72.77964,Low,N
MER00046,SYNTHETIC MERCHANT 00046,Healthcare,Kolkata,West Bengal,22.58026,88.16612,Low,Y
MER00047,SYNTHETIC MERCHANT 00047,Grocery,Chennai,Tamil Nadu,12.8917,80.35598,Low,Y
MER00048,SYNTHETIC MERCHANT 00048,Jewellery,Chennai,Tamil Nadu,13.06748,80.28207,Low,N
MER00049,SYNTHETIC MERCHANT 00049,Electronics,Kolkata,West Bengal,22.51711,88.17147,High,Y
MER00050,SYNTHETIC MERCHANT 00050,Restaurants,Chennai,Tamil Nadu,13.0527,80.1972,Low,Y
MER00051,SYNTHETIC MERCHANT 00051,Utilities,Delhi,Delhi,28.42971,77.19721,Low,Y
MER00052,SYNTHETIC MERCHANT 00052,Utilities,Hyderabad,Telangana,17.22984,78.55374,Low,N
MER00053,SYNTHETIC MERCHANT 00053,Electronics,Kolkata,West Bengal,22.64511,88.31305,Low,Y
MER00054,SYNTHETIC MERCHANT 00054,Jewellery,Kolkata,West Bengal,22.50456,88.1729,Low,Y
MER00055,SYNTHETIC MERCHANT 00055,E-commerce,Mumbai,Maharashtra,19.22321,73.04957,Low,N
MER00056,SYNTHETIC MERCHANT 00056,Fuel,Chennai,Tamil Nadu,13.13548,80.34421,Low,N
MER00057,SYNTHETIC MERCHANT 00057,Travel,Pune,Maharashtra,18.64782,73.98996,Low,Y
MER00058,SYNTHETIC MERCHANT 00058,Electronics,Delhi,Delhi,28.69414,77.05766,Low,N
MER00059,SYNTHETIC MERCHANT 00059,Electronics,Mumbai,Maharashtra,19.02089,73.06306,Low,Y
MER00060,SYNTHETIC MERCHANT 00060,Healthcare,Chennai,Tamil Nadu,13.03459,80.23847,Low,Y
MER00061,SYNTHETIC MERCHANT 00061,Gaming,Chennai,Tamil Nadu,13.00602,80.44729,Low,Y
MER00062,SYNTHETIC MERCHANT 00062,Fuel,Jaipur,Rajasthan,27.05912,75.92977,Low,N
MER00063,SYNTHETIC MERCHANT 00063,Healthcare,Bengaluru,Karnataka,13.14829,77.66774,Low,N
MER00064,SYNTHETIC MERCHANT 00064,Electronics,Kochi,Kerala,10.04366,76.25032,Low,Y
MER00065,SYNTHETIC MERCHANT 00065,Healthcare,Chennai,Tamil Nadu,13.27126,80.4345,Low,Y
MER00066,SYNTHETIC MERCHANT 00066,Grocery,Mumbai,Maharashtra,19.10577,72.80151,Low,Y
MER00067,SYNTHETIC MERCHANT 00067,Travel,Pune,Maharashtra,18.67319,73.97492,Low,Y
MER00068,SYNTHETIC MERCHANT 00068,Utilities,Jaipur,Rajasthan,26.91013,75.59461,Medium,Y
MER00069,SYNTHETIC MERCHANT 00069,Restaurants,Ahmedabad,Gujarat,23.08893,72.64083,Low,Y
MER00070,SYNTHETIC MERCHANT 00070,E-commerce,Kochi,Kerala,10.10129,76.24841,Low,Y
MER00071,SYNTHETIC MERCHANT 00071,Electronics,Chennai,Tamil Nadu,13.02294,80.29586,Medium,N
MER00072,SYNTHETIC MERCHANT 00072,Restaurants,Hyderabad,Telangana,17.23572,78.50199,Low,N
MER00073,SYNTHETIC MERCHANT 00073,E-commerce,Pune,Maharashtra,18.49341,73.93438,Low,Y
MER00074,SYNTHETIC MERCHANT 00074,Fuel,Kochi,Kerala,9.96653,76.30786,Medium,Y
MER00075,SYNTHETIC MERCHANT 00075,Healthcare,Pune,Maharashtra,18.37087,73.88745,Low,Y
MER00076,SYNTHETIC MERCHANT 00076,E-commerce,Hyderabad,Telangana,17.35909,78.51845,Medium,Y
MER00077,SYNTHETIC MERCHANT 00077,Education,Jaipur,Rajasthan,26.88058,75.93024,Low,Y
MER00078,SYNTHETIC MERCHANT 00078,Gaming,Mumbai,Maharashtra,19.02591,72.93874,Low,Y
MER00079,SYNTHETIC MERCHANT 00079,Gaming,Kochi,Kerala,9.99956,76.45942,Low,Y
MER00080,SYNTHETIC MERCHANT 00080,E-commerce,Chennai,Tamil Nadu,13.07369,80.26323,Medium,Y
MER00081,SYNTHETIC MERCHANT 00081,Grocery,Chennai,Tamil Nadu,13.02488,80.25081,Medium,Y
MER00082,SYNTHETIC MERCHANT 00082,Education,Bengaluru,Karnataka,13.17001,77.69455,Low,Y
MER00083,SYNTHETIC MERCHANT 00083,Healthcare,Kolkata,West Bengal,22.47502,88.27677,Low,Y
MER00084,SYNTHETIC MERCHANT 00084,Education,Ahmedabad,Gujarat,22.87537,72.52718,Low,N
MER00085,SYNTHETIC MERCHANT 00085,Healthcare,Chennai,Tamil Nadu,13.25622,80.29053,Low,Y
MER00086,SYNTHETIC MERCHANT 00086,Restaurants,Ahmedabad,Gujarat,23.19939,72.74721,Low,Y
MER00087,SYNTHETIC MERCHANT 00087,Education,Delhi,Delhi,28.68984,77.39762,Low,Y
MER00088,SYNTHETIC MERCHANT 00088,Jewellery,Mumbai,Maharashtra,19.2354,73.05851,Low,N
MER00089,SYNTHETIC MERCHANT 00089,E-commerce,Bengaluru,Karnataka,13.14301,77.58266,Low,Y
MER00090,SYNTHETIC MERCHANT 00090,Restaurants,Ahmedabad,Gujarat,23.05121,72.6403,Medium,N
MER00091,SYNTHETIC MERCHANT 00091,Utilities,Mumbai,Maharashtra,19.10843,72.78678,Medium,Y
MER00092,SYNTHETIC MERCHANT 00092,Restaurants,Pune,Maharashtra,18.32954,73.8206,Low,Y
MER00093,SYNTHETIC MERCHANT 00093,E-commerce,Bengaluru,Karnataka,12.94567,77.74466,Low,Y
MER00094,SYNTHETIC MERCHANT 00094,Healthcare,Kochi,Kerala,9.80982,76.21144,Low,N
MER00095,SYNTHETIC MERCHANT 00095,Restaurants,Kochi,Kerala,10.05199,76.24024,Low,N
MER00096,SYNTHETIC MERCHANT 00096,Gaming,Ahmedabad,Gujarat,23.0327,72.42723,Low,N
MER00097,SYNTHETIC MERCHANT 00097,Jewellery,Chennai,Tamil Nadu,13.28069,80.30527,Low,N
MER00098,SYNTHETIC MERCHANT 00098,Education,Kochi,Kerala,9.73988,76.40184,Low,Y
MER00099,SYNTHETIC MERCHANT 00099,Jewellery,Kolkata,West Bengal,22.44297,88.17833,Low,Y
MER00100,SYNTHETIC MERCHANT 00100,Restaurants,Kolkata,West Bengal,22.61782,88.37596,Low,Y
MER00101,SYNTHETIC MERCHANT 00101,Grocery,Delhi,Delhi,28.6052,77.02743,Low,Y
MER00102,SYNTHETIC MERCHANT 00102,Healthcare,Delhi,Delhi,28.74383,77.24081,Low,N
MER00103,SYNTHETIC MERCHANT 00103,Travel,Chennai,Tamil Nadu,12.95384,80.46559,Low,Y
MER00104,SYNTHETIC MERCHANT 00104,Jewellery,Chennai,Tamil Nadu,12.99526,80.29158,Low,N
MER00105,SYNTHETIC MERCHANT 00105,Gaming,Kochi,Kerala,9.87218,76.31162,Low,Y
MER00106,SYNTHETIC MERCHANT 00106,Healthcare,Kochi,Kerala,9.89941,76.17244,Low,Y
MER00107,SYNTHETIC MERCHANT 00107,Electronics,Jaipur,Rajasthan,26.93372,75.9847,Medium,Y
MER00108,SYNTHETIC MERCHANT 00108,Education,Pune,Maharashtra,18.55645,73.69506,Low,Y
MER00109,SYNTHETIC MERCHANT 00109,Travel,Mumbai,Maharashtra,19.20656,72.90285,Medium,Y
MER00110,SYNTHETIC MERCHANT 00110,Jewellery,Kolkata,West Bengal,22.75342,88.55745,Low,Y
MER00111,SYNTHETIC MERCHANT 00111,Travel,Bengaluru,Karnataka,13.00118,77.76547,Medium,Y
MER00112,SYNTHETIC MERCHANT 00112,Education,Ahmedabad,Gujarat,23.17471,72.64177,Medium,Y
MER00113,SYNTHETIC MERCHANT 00113,Utilities,Bengaluru,Karnataka,12.97196,77.54856,Low,N
MER00114,SYNTHETIC MERCHANT 00114,Healthcare,Delhi,Delhi,28.66502,77.26097,Low,Y
MER00115,SYNTHETIC MERCHANT 00115,Electronics,Mumbai,Maharashtra,19.22568,72.86766,Low,Y
MER00116,SYNTHETIC MERCHANT 00116,Jewellery,Ahmedabad,Gujarat,22.90424,72.40125,Low,Y
MER00117,SYNTHETIC MERCHANT 00117,Education,Kolkata,West Bengal,22.45175,88.33371,Low,Y
MER00118,SYNTHETIC MERCHANT 00118,Gaming,Chennai,Tamil Nadu,13.13618,80.34093,Low,Y
MER00119,SYNTHETIC MERCHANT 00119,Electronics,Ahmedabad,Gujarat,22.98033,72.59474,Low,N
MER00120,SYNTHETIC MERCHANT 00120,Travel,Kochi,Kerala,10.02472,76.41917,Low,Y
MER00121,SYNTHETIC MERCHANT 00121,Fuel,Kochi,Kerala,10.05173,76.40931,High,N
MER00122,SYNTHETIC MERCHANT 00122,Utilities,Bengaluru,Karnataka,12.96664,77.49744,Low,N
MER00123,SYNTHETIC MERCHANT 00123,Fuel,Kochi,Kerala,9.752,76.0745,Low,Y
MER00124,SYNTHETIC MERCHANT 00124,Restaurants,Kochi,Kerala,10.07768,76.45018,Low,Y
MER00125,SYNTHETIC MERCHANT 00125,Fuel,Chennai,Tamil Nadu,13.18016,80.26513,Low,Y
MER00126,SYNTHETIC MERCHANT 00126,Grocery,Bengaluru,Karnataka,12.88586,77.50015,Low,Y
MER00127,SYNTHETIC MERCHANT 00127,Fuel,Ahmedabad,Gujarat,23.04921,72.42526,Low,Y
MER00128,SYNTHETIC MERCHANT 00128,Travel,Delhi,Delhi,28.59646,77.40435,Low,Y
MER00129,SYNTHETIC MERCHANT 00129,Utilities,Ahmedabad,Gujarat,23.19177,72.48784,Low,Y
MER00130,SYNTHETIC MERCHANT 00130,Grocery,Kolkata,West Bengal,22.40418,88.24771,Low,Y
MER00131,SYNTHETIC MERCHANT 00131,Grocery,Hyderabad,Telangana,17.5379,78.57441,Low,Y
MER00132,SYNTHETIC MERCHANT 00132,E-commerce,Pune,Maharashtra,18.65774,74.03846,Low,Y
MER00133,SYNTHETIC MERCHANT 00133,Grocery,Ahmedabad,Gujarat,23.10026,72.66096,Low,N
MER00134,SYNTHETIC MERCHANT 00134,Jewellery,Chennai,Tamil Nadu,12.95892,80.43278,Low,N
MER00135,SYNTHETIC MERCHANT 00135,E-commerce,Mumbai,Maharashtra,19.27557,72.68042,Medium,N
MER00136,SYNTHETIC MERCHANT 00136,E-commerce,Delhi,Delhi,28.49913,77.34253,Low,Y
MER00137,SYNTHETIC MERCHANT 00137,Grocery,Hyderabad,Telangana,17.22408,78.63915,Low,Y
MER00138,SYNTHETIC MERCHANT 00138,Electronics,Pune,Maharashtra,18.3511,73.97626,Low,Y
MER00139,SYNTHETIC MERCHANT 00139,Gaming,Bengaluru,Karnataka,13.13018,77.40082,Low,Y
MER00140,SYNTHETIC MERCHANT 00140,Utilities,Delhi,Delhi,28.56641,77.11697,Low,N
MER00141,SYNTHETIC MERCHANT 00141,Grocery,Pune,Maharashtra,18.38883,73.91683,Medium,Y
MER00142,SYNTHETIC MERCHANT 00142,Education,Delhi,Delhi,28.63089,77.02557,Low,N
MER00143,SYNTHETIC MERCHANT 00143,Fuel,Hyderabad,Telangana,17.51702,78.57119,Low,Y
MER00144,SYNTHETIC MERCHANT 00144,Education,Chennai,Tamil Nadu,12.90374,80.42837,Low,Y
MER00145,SYNTHETIC MERCHANT 00145,Jewellery,Hyderabad,Telangana,17.56249,78.5312,Medium,N
MER00146,SYNTHETIC MERCHANT 00146,Electronics,Mumbai,Maharashtra,19.06877,72.91787,Low,Y
MER00147,SYNTHETIC MERCHANT 00147,E-commerce,Ahmedabad,Gujarat,23.06528,72.53826,Medium,Y
MER00148,SYNTHETIC MERCHANT 00148,Education,Jaipur,Rajasthan,26.86281,75.71403,Low,Y
MER00149,SYNTHETIC MERCHANT 00149,Electronics,Bengaluru,Karnataka,12.89545,77.74057,Low,N
MER00150,SYNTHETIC MERCHANT 00150,Healthcare,Kochi,Kerala,9.99637,76.3442,Low,Y
MER00151,SYNTHETIC MERCHANT 00151,Education,Ahmedabad,Gujarat,23.16359,72.72332,Low,Y
MER00152,SYNTHETIC MERCHANT 00152,E-commerce,Ahmedabad,Gujarat,22.86625,72.41772,Low,Y
MER00153,SYNTHETIC MERCHANT 00153,Grocery,Pune,Maharashtra,18.46804,73.87924,Medium,N
MER00154,SYNTHETIC MERCHANT 00154,Education,Kolkata,West Bengal,22.7368,88.18072,Low,N
MER00155,SYNTHETIC MERCHANT 00155,Restaurants,Jaipur,Rajasthan,27.05251,75.71774,Low,Y
MER00156,SYNTHETIC MERCHANT 00156,Fuel,Chennai,Tamil Nadu,13.24362,80.43315,Low,Y
MER00157,SYNTHETIC MERCHANT 00157,Healthcare,Kochi,Kerala,10.0375,76.36679,Low,Y
MER00158,SYNTHETIC MERCHANT 00158,Utilities,Jaipur,Rajasthan,26.73663,75.72592,Low,Y
MER00159,SYNTHETIC MERCHANT 00159,Travel,Hyderabad,Telangana,17.3603,78.49142,Low,Y
MER00160,SYNTHETIC MERCHANT 00160,Utilities,Pune,Maharashtra,18.42123,73.90367,High,Y
MER00161,SYNTHETIC MERCHANT 00161,Electronics,Chennai,Tamil Nadu,12.98461,80.23509,Low,Y
MER00162,SYNTHETIC MERCHANT 00162,Electronics,Chennai,Tamil Nadu,13.23234,80.44146,Low,N
MER00163,SYNTHETIC MERCHANT 00163,Fuel,Jaipur,Rajasthan,26.88806,75.59154,Low,Y
MER00164,SYNTHETIC MERCHANT 00164,Travel,Chennai,Tamil Nadu,13.05307,80.30141,Low,Y
MER00165,SYNTHETIC MERCHANT 00165,Gaming,Kochi,Kerala,10.04592,76.22387,Low,Y
MER00166,SYNTHETIC MERCHANT 00166,Healthcare,Kolkata,West Bengal,22.4212,88.3475,Low,Y
MER00167,SYNTHETIC MERCHANT 00167,E-commerce,Mumbai,Maharashtra,19.04897,72.70983,Medium,N
MER00168,SYNTHETIC MERCHANT 00168,Fuel,Kolkata,West Bengal,22.65674,88.37865,Low,N
MER00169,SYNTHETIC MERCHANT 00169,Utilities,Ahmedabad,Gujarat,22.92267,72.57416,High,Y
MER00170,SYNTHETIC MERCHANT 00170,Restaurants,Ahmedabad,Gujarat,22.86356,72.62145,Medium,N
MER00171,SYNTHETIC MERCHANT 00171,Restaurants,Mumbai,Maharashtra,19.04715,72.73019,Low,Y
MER00172,SYNTHETIC MERCHANT 00172,Utilities,Bengaluru,Karnataka,13.07549,77.51436,Medium,Y
MER00173,SYNTHETIC MERCHANT 00173,Grocery,Delhi,Delhi,28.79417,77.24575,Low,Y
MER00174,SYNTHETIC MERCHANT 00174,E-commerce,Bengaluru,Karnataka,13.15242,77.69273,Low,Y
MER00175,SYNTHETIC MERCHANT 00175,Restaurants,Delhi,Delhi,28.79539,77.19455,High,Y
MER00176,SYNTHETIC MERCHANT 00176,Gaming,Jaipur,Rajasthan,26.94289,75.65553,Low,Y
MER00177,SYNTHETIC MERCHANT 00177,Jewellery,Kochi,Kerala,10.05456,76.39055,Low,N
MER00178,SYNTHETIC MERCHANT 00178,Utilities,Kochi,Kerala,10.12679,76.2831,Low,Y
MER00179,SYNTHETIC MERCHANT 00179,Restaurants,Kolkata,West Bengal,22.69164,88.18823,Low,Y
MER00180,SYNTHETIC MERCHANT 00180,Utilities,Mumbai,Maharashtra,19.09189,72.73719,Low,Y
MER00181,SYNTHETIC MERCHANT 00181,Restaurants,Hyderabad,Telangana,17.535,78.35406,Low,N
MER00182,SYNTHETIC MERCHANT 00182,E-commerce,Delhi,Delhi,28.43881,77.36961,Medium,Y
MER00183,SYNTHETIC MERCHANT 00183,Fuel,Kochi,Kerala,9.85842,76.22387,Medium,Y
MER00184,SYNTHETIC MERCHANT 00184,Restaurants,Pune,Maharashtra,18.38107,73.88572,Medium,Y
MER00185,SYNTHETIC MERCHANT 00185,Restaurants,Jaipur,Rajasthan,27.08188,75.88578,Low,Y
MER00186,SYNTHETIC MERCHANT 00186,Education,Bengaluru,Karnataka,12.86899,77.73929,Low,Y
MER00187,SYNTHETIC MERCHANT 00187,Grocery,Bengaluru,Karnataka,13.01913,77.46572,Medium,Y
MER00188,SYNTHETIC MERCHANT 00188,Utilities,Mumbai,Maharashtra,19.27367,73.04318,Low,Y
MER00189,SYNTHETIC MERCHANT 00189,Jewellery,Mumbai,Maharashtra,19.05168,72.998,Low,Y
MER00190,SYNTHETIC MERCHANT 00190,E-commerce,Jaipur,Rajasthan,27.07695,75.91419,Low,Y
MER00191,SYNTHETIC MERCHANT 00191,Fuel,Chennai,Tamil Nadu,13.18457,80.4636,Low,N
MER00192,SYNTHETIC MERCHANT 00192,Education,Pune,Maharashtra,18.53637,73.86281,High,Y
MER00193,SYNTHETIC MERCHANT 00193,Travel,Kochi,Kerala,10.11306,76.36989,Low,Y
MER00194,SYNTHETIC MERCHANT 00194,Education,Delhi,Delhi,28.74852,77.29483,Low,N
MER00195,SYNTHETIC MERCHANT 00195,Restaurants,Mumbai,Maharashtra,18.98637,73.02258,Low,N
MER00196,SYNTHETIC MERCHANT 00196,Jewellery,Kolkata,West Bengal,22.69132,88.27775,Low,Y
MER00197,SYNTHETIC MERCHANT 00197,Utilities,Kolkata,West Bengal,22.70117,88.18697,Low,Y
MER00198,SYNTHETIC MERCHANT 00198,Gaming,Ahmedabad,Gujarat,23.03441,72.38084,Medium,N
MER00199,SYNTHETIC MERCHANT 00199,Education,Chennai,Tamil Nadu,12.92813,80.14593,Low,Y
MER00200,SYNTHETIC MERCHANT 00200,Gaming,Kolkata,West Bengal,22.69063,88.52274,Low,Y
MER00201,SYNTHETIC MERCHANT 00201,Education,Ahmedabad,Gujarat,22.94201,72.4553,Low,Y
MER00202,SYNTHETIC MERCHANT 00202,Healthcare,Jaipur,Rajasthan,26.78438,75.71028,Low,Y
MER00203,SYNTHETIC MERCHANT 00203,Education,Jaipur,Rajasthan,27.02602,75.76506,Low,Y
MER00204,SYNTHETIC MERCHANT 00204,Grocery,Bengaluru,Karnataka,12.91978,77.45061,Low,Y
MER00205,SYNTHETIC MERCHANT 00205,Education,Kolkata,West Bengal,22.73195,88.21073,Low,Y
MER00206,SYNTHETIC MERCHANT 00206,Fuel,Ahmedabad,Gujarat,22.85925,72.54649,Low,Y
MER00207,SYNTHETIC MERCHANT 00207,Education,Mumbai,Maharashtra,18.92483,73.07105,Low,Y
MER00208,SYNTHETIC MERCHANT 00208,Gaming,Jaipur,Rajasthan,26.81929,75.79245,Low,Y
MER00209,SYNTHETIC MERCHANT 00209,Fuel,Chennai,Tamil Nadu,12.93357,80.45781,Medium,Y
MER00210,SYNTHETIC MERCHANT 00210,Healthcare,Ahmedabad,Gujarat,23.07528,72.38809,Low,Y
MER00211,SYNTHETIC MERCHANT 00211,Education,Hyderabad,Telangana,17.35613,78.52818,Medium,Y
MER00212,SYNTHETIC MERCHANT 00212,E-commerce,Bengaluru,Karnataka,12.93447,77.64459,Low,N
MER00213,SYNTHETIC MERCHANT 00213,Jewellery,Jaipur,Rajasthan,27.06972,75.82087,Low,N
MER00214,SYNTHETIC MERCHANT 00214,Travel,Kochi,Kerala,9.74802,76.44157,Low,Y
MER00215,SYNTHETIC MERCHANT 00215,Jewellery,Delhi,Delhi,28.43327,77.4005,Low,Y
MER00216,SYNTHETIC MERCHANT 00216,Grocery,Pune,Maharashtra,18.49598,73.71618,Medium,Y
MER00217,SYNTHETIC MERCHANT 00217,E-commerce,Delhi,Delhi,28.49597,77.34713,Low,Y
MER00218,SYNTHETIC MERCHANT 00218,Utilities,Kolkata,West Bengal,22.76799,88.19171,Low,N
MER00219,SYNTHETIC MERCHANT 00219,Jewellery,Pune,Maharashtra,18.43527,73.73258,Low,N
MER00220,SYNTHETIC MERCHANT 00220,Gaming,Kolkata,West Bengal,22.64994,88.19752,Low,Y
MER00221,SYNTHETIC MERCHANT 00221,Healthcare,Kochi,Kerala,9.88033,76.23559,Low,Y
MER00222,SYNTHETIC MERCHANT 00222,Utilities,Mumbai,Maharashtra,19.10946,73.07459,Medium,N
MER00223,SYNTHETIC MERCHANT 00223,Gaming,Delhi,Delhi,28.78553,77.05212,Low,N
MER00224,SYNTHETIC MERCHANT 00224,Travel,Pune,Maharashtra,18.41634,73.92622,Low,Y
MER00225,SYNTHETIC MERCHANT 00225,Healthcare,Mumbai,Maharashtra,18.93826,73.00758,Low,Y
MER00226,SYNTHETIC MERCHANT 00226,Utilities,Jaipur,Rajasthan,26.96494,75.68303,Low,N
MER00227,SYNTHETIC MERCHANT 00227,Electronics,Mumbai,Maharashtra,19.00576,72.92193,Low,Y
MER00228,SYNTHETIC MERCHANT 00228,Grocery,Ahmedabad,Gujarat,22.9259,72.3811,Low,N
MER00229,SYNTHETIC MERCHANT 00229,Restaurants,Pune,Maharashtra,18.52644,73.84362,Low,Y
MER00230,SYNTHETIC MERCHANT 00230,Grocery,Pune,Maharashtra,18.61569,73.84234,Low,N
MER00231,SYNTHETIC MERCHANT 00231,Travel,Pune,Maharashtra,18.48573,73.66828,Low,N
MER00232,SYNTHETIC MERCHANT 00232,Utilities,Delhi,Delhi,28.43705,77.2309,Low,Y
MER00233,SYNTHETIC MERCHANT 00233,Travel,Delhi,Delhi,28.76707,77.02626,Low,Y
MER00234,SYNTHETIC MERCHANT 00234,Jewellery,Kochi,Kerala,9.948,76.18514,Low,N
MER00235,SYNTHETIC MERCHANT 00235,Fuel,Kolkata,West Bengal,22.58206,88.53278,Low,Y
MER00236,SYNTHETIC MERCHANT 00236,Utilities,Kochi,Kerala,9.99529,76.41781,Low,N
MER00237,SYNTHETIC MERCHANT 00237,Restaurants,Delhi,Delhi,28.59806,77.3828,Low,Y
MER00238,SYNTHETIC MERCHANT 00238,Utilities,Pune,Maharashtra,18.69937,73.81158,Low,N
MER00239,SYNTHETIC MERCHANT 00239,Gaming,Jaipur,Rajasthan,27.07563,75.61262,Medium,N
MER00240,SYNTHETIC MERCHANT 00240,Grocery,Kochi,Kerala,9.85583,76.41353,Low,Y
MER00241,SYNTHETIC MERCHANT 00241,Education,Pune,Maharashtra,18.52183,73.66599,Low,Y
MER00242,SYNTHETIC MERCHANT 00242,Jewellery,Ahmedabad,Gujarat,22.87617,72.62392,Low,N
MER00243,SYNTHETIC MERCHANT 00243,E-commerce,Kochi,Kerala,9.73456,76.11662,Low,Y
MER00244,SYNTHETIC MERCHANT 00244,Utilities,Chennai,Tamil Nadu,13.17265,80.31782,Medium,Y
MER00245,SYNTHETIC MERCHANT 00245,Healthcare,Chennai,Tamil Nadu,13.24603,80.46513,Low,Y
MER00246,SYNTHETIC MERCHANT 00246,Utilities,Chennai,Tamil Nadu,12.98137,80.17269,Medium,Y
MER00247,SYNTHETIC MERCHANT 00247,Restaurants,Jaipur,Rajasthan,27.07958,75.77045,Low,Y
MER00248,SYNTHETIC MERCHANT 00248,Grocery,Pune,Maharashtra,18.39352,73.74332,Low,Y
MER00249,SYNTHETIC MERCHANT 00249,Restaurants,Pune,Maharashtra,18.61948,73.82271,Low,N
MER00250,SYNTHETIC MERCHANT 00250,Travel,Chennai,Tamil Nadu,13.13884,80.28318,Low,Y
MER00251,SYNTHETIC MERCHANT 00251,E-commerce,Delhi,Delhi,28.62352,77.37794,Low,Y
MER00252,SYNTHETIC MERCHANT 00252,E-commerce,Delhi,Delhi,28.45667,77.17631,Medium,N
MER00253,SYNTHETIC MERCHANT 00253,Healthcare,Mumbai,Maharashtra,19.27318,72.70982,Low,Y
MER00254,SYNTHETIC MERCHANT 00254,Utilities,Ahmedabad,Gujarat,23.20268,72.41077,Low,N
MER00255,SYNTHETIC MERCHANT 00255,Fuel,Delhi,Delhi,28.52738,77.07584,High,N
MER00256,SYNTHETIC MERCHANT 00256,Restaurants,Kolkata,West Bengal,22.76547,88.27194,Low,Y
MER00257,SYNTHETIC MERCHANT 00257,Travel,Chennai,Tamil Nadu,12.96126,80.11518,High,Y
MER00258,SYNTHETIC MERCHANT 00258,Travel,Ahmedabad,Gujarat,23.11146,72.38701,Low,N
MER00259,SYNTHETIC MERCHANT 00259,Restaurants,Pune,Maharashtra,18.37434,73.86785,Medium,N
MER00260,SYNTHETIC MERCHANT 00260,Healthcare,Jaipur,Rajasthan,26.99839,75.74769,Medium,Y
MER00261,SYNTHETIC MERCHANT 00261,E-commerce,Kolkata,West Bengal,22.55221,88.32641,Low,Y
MER00262,SYNTHETIC MERCHANT 00262,Jewellery,Kochi,Kerala,10.01039,76.2717,Low,N
MER00263,SYNTHETIC MERCHANT 00263,Gaming,Kolkata,West Bengal,22.42269,88.52508,Low,Y
MER00264,SYNTHETIC MERCHANT 00264,Healthcare,Bengaluru,Karnataka,12.90524,77.7099,Low,Y
MER00265,SYNTHETIC MERCHANT 00265,Electronics,Kochi,Kerala,9.96022,76.08923,Low,Y
MER00266,SYNTHETIC MERCHANT 00266,E-commerce,Pune,Maharashtra,18.56676,73.67417,Low,Y
MER00267,SYNTHETIC MERCHANT 00267,Healthcare,Kolkata,West Bengal,22.41429,88.37061,Low,Y
MER00268,SYNTHETIC MERCHANT 00268,Restaurants,Jaipur,Rajasthan,26.98077,75.79755,High,Y
MER00269,SYNTHETIC MERCHANT 00269,Utilities,Delhi,Delhi,28.68046,77.25133,Low,Y
MER00270,SYNTHETIC MERCHANT 00270,Gaming,Kolkata,West Bengal,22.72507,88.33318,Low,N
MER00271,SYNTHETIC MERCHANT 00271,Jewellery,Bengaluru,Karnataka,12.93651,77.56689,Low,Y
MER00272,SYNTHETIC MERCHANT 00272,Restaurants,Kolkata,West Bengal,22.52177,88.27137,Low,Y
MER00273,SYNTHETIC MERCHANT 00273,E-commerce,Delhi,Delhi,28.67463,77.04068,Low,Y
MER00274,SYNTHETIC MERCHANT 00274,Electronics,Pune,Maharashtra,18.51282,73.90746,Low,N
MER00275,SYNTHETIC MERCHANT 00275,Grocery,Mumbai,Maharashtra,19.1679,72.73716,Low,Y
MER00276,SYNTHETIC MERCHANT 00276,Gaming,Pune,Maharashtra,18.65158,73.89089,Low,Y
MER00277,SYNTHETIC MERCHANT 00277,Grocery,Kochi,Kerala,9.95783,76.41016,Low,Y
MER00278,SYNTHETIC MERCHANT 00278,Restaurants,Pune,Maharashtra,18.46265,73.9231,Medium,Y
MER00279,SYNTHETIC MERCHANT 00279,Healthcare,Kolkata,West Bengal,22.7468,88.26335,Low,N
MER00280,SYNTHETIC MERCHANT 00280,Healthcare,Jaipur,Rajasthan,27.05408,75.63942,Low,N
MER00281,SYNTHETIC MERCHANT 00281,Gaming,Chennai,Tamil Nadu,13.15905,80.39246,Low,Y
MER00282,SYNTHETIC MERCHANT 00282,Electronics,Bengaluru,Karnataka,12.90755,77.66451,Low,N
MER00283,SYNTHETIC MERCHANT 00283,Grocery,Delhi,Delhi,28.61353,77.39231,Low,N
MER00284,SYNTHETIC MERCHANT 00284,Education,Pune,Maharashtra,18.64878,74.01709,Low,Y
MER00285,SYNTHETIC MERCHANT 00285,E-commerce,Mumbai,Maharashtra,18.89965,72.89059,Low,Y
MER00286,SYNTHETIC MERCHANT 00286,E-commerce,Hyderabad,Telangana,17.22228,78.55428,Low,Y
MER00287,SYNTHETIC MERCHANT 00287,Grocery,Kolkata,West Bengal,22.75279,88.32676,Low,N
MER00288,SYNTHETIC MERCHANT 00288,Healthcare,Pune,Maharashtra,18.41848,73.98952,Low,N
MER00289,SYNTHETIC MERCHANT 00289,Electronics,Kolkata,West Bengal,22.73965,88.43338,Medium,Y
MER00290,SYNTHETIC MERCHANT 00290,Travel,Kolkata,West Bengal,22.48638,88.51941,Low,Y
MER00291,SYNTHETIC MERCHANT 00291,Fuel,Hyderabad,Telangana,17.58339,78.29265,Low,Y
MER00292,SYNTHETIC MERCHANT 00292,Utilities,Delhi,Delhi,28.62889,77.20841,Low,N
MER00293,SYNTHETIC MERCHANT 00293,Jewellery,Kolkata,West Bengal,22.7454,88.23882,Low,Y
MER00294,SYNTHETIC MERCHANT 00294,Education,Kolkata,West Bengal,22.43806,88.47965,Low,Y
MER00295,SYNTHETIC MERCHANT 00295,Grocery,Delhi,Delhi,28.73623,77.04859,Medium,Y
MER00296,SYNTHETIC MERCHANT 00296,Grocery,Delhi,Delhi,28.77802,77.10744,High,Y
MER00297,SYNTHETIC MERCHANT 00297,E-commerce,Kochi,Kerala,9.91439,76.179,Low,Y
MER00298,SYNTHETIC MERCHANT 00298,Travel,Delhi,Delhi,28.72418,77.39911,Low,Y
MER00299,SYNTHETIC MERCHANT 00299,Gaming,Kolkata,West Bengal,22.55522,88.33533,Medium,N
MER00300,SYNTHETIC MERCHANT 00300,Grocery,Chennai,Tamil Nadu,13.00067,80.41341,Low,N
MER00301,SYNTHETIC MERCHANT 00301,Healthcare,Bengaluru,Karnataka,13.02612,77.70041,Low,N
MER00302,SYNTHETIC MERCHANT 00302,Utilities,Bengaluru,Karnataka,12.85604,77.70402,Low,Y
MER00303,SYNTHETIC MERCHANT 00303,E-commerce,Pune,Maharashtra,18.57153,73.97359,Medium,Y
MER00304,SYNTHETIC MERCHANT 00304,Jewellery,Mumbai,Maharashtra,19.10492,72.90131,Low,Y
MER00305,SYNTHETIC MERCHANT 00305,Utilities,Kochi,Kerala,9.79722,76.29527,Low,Y
MER00306,SYNTHETIC MERCHANT 00306,Fuel,Bengaluru,Karnataka,12.82307,77.44526,Low,Y
MER00307,SYNTHETIC MERCHANT 00307,E-commerce,Kochi,Kerala,10.11904,76.08743,Medium,Y
MER00308,SYNTHETIC MERCHANT 00308,Utilities,Chennai,Tamil Nadu,13.11956,80.07141,Low,N
MER00309,SYNTHETIC MERCHANT 00309,Jewellery,Kochi,Kerala,9.95835,76.21196,Medium,Y
MER00310,SYNTHETIC MERCHANT 00310,Healthcare,Delhi,Delhi,28.68532,77.1493,Low,Y
MER00311,SYNTHETIC MERCHANT 00311,Travel,Bengaluru,Karnataka,12.88633,77.76225,Low,N
MER00312,SYNTHETIC MERCHANT 00312,Utilities,Mumbai,Maharashtra,19.18487,72.84346,Low,Y
MER00313,SYNTHETIC MERCHANT 00313,Jewellery,Delhi,Delhi,28.54541,77.26839,Low,N
MER00314,SYNTHETIC MERCHANT 00314,Gaming,Jaipur,Rajasthan,27.07895,75.93005,Low,N
MER00315,SYNTHETIC MERCHANT 00315,Fuel,Delhi,Delhi,28.47632,77.07442,Low,Y
MER00316,SYNTHETIC MERCHANT 00316,Restaurants,Bengaluru,Karnataka,12.89503,77.45548,High,Y
MER00317,SYNTHETIC MERCHANT 00317,Healthcare,Kolkata,West Bengal,22.47763,88.36221,Low,Y
MER00318,SYNTHETIC MERCHANT 00318,Gaming,Ahmedabad,Gujarat,23.21114,72.39214,Low,Y
MER00319,SYNTHETIC MERCHANT 00319,Grocery,Ahmedabad,Gujarat,23.07119,72.7502,Low,N
MER00320,SYNTHETIC MERCHANT 00320,Restaurants,Bengaluru,Karnataka,13.03909,77.4688,Low,Y
MER00321,SYNTHETIC MERCHANT 00321,Electronics,Delhi,Delhi,28.58487,77.1902,Low,N
MER00322,SYNTHETIC MERCHANT 00322,Utilities,Kochi,Kerala,9.75223,76.36278,Low,Y
MER00323,SYNTHETIC MERCHANT 00323,Jewellery,Ahmedabad,Gujarat,23.19234,72.5709,Low,Y
MER00324,SYNTHETIC MERCHANT 00324,Jewellery,Delhi,Delhi,28.64947,77.18286,Medium,N
MER00325,SYNTHETIC MERCHANT 00325,Fuel,Kochi,Kerala,10.0555,76.18752,Low,Y
MER00326,SYNTHETIC MERCHANT 00326,Utilities,Kochi,Kerala,10.00065,76.46002,Medium,N
MER00327,SYNTHETIC MERCHANT 00327,Electronics,Kochi,Kerala,9.94212,76.22721,Low,Y
MER00328,SYNTHETIC MERCHANT 00328,Restaurants,Hyderabad,Telangana,17.50631,78.42746,Low,Y
MER00329,SYNTHETIC MERCHANT 00329,E-commerce,Bengaluru,Karnataka,13.14301,77.57313,Low,N
MER00330,SYNTHETIC MERCHANT 00330,Education,Hyderabad,Telangana,17.44211,78.58053,Low,Y
MER00331,SYNTHETIC MERCHANT 00331,Gaming,Hyderabad,Telangana,17.36339,78.66301,Low,Y
MER00332,SYNTHETIC MERCHANT 00332,E-commerce,Chennai,Tamil Nadu,13.01449,80.22387,Low,N
MER00333,SYNTHETIC MERCHANT 00333,E-commerce,Hyderabad,Telangana,17.33678,78.53888,Low,Y
MER00334,SYNTHETIC MERCHANT 00334,Grocery,Mumbai,Maharashtra,18.94461,72.88904,Low,Y
MER00335,SYNTHETIC MERCHANT 00335,Gaming,Jaipur,Rajasthan,27.0785,75.93463,Low,Y
MER00336,SYNTHETIC MERCHANT 00336,Fuel,Kolkata,West Bengal,22.6272,88.54082,Low,Y
MER00337,SYNTHETIC MERCHANT 00337,Travel,Pune,Maharashtra,18.35862,73.93677,Low,Y
MER00338,SYNTHETIC MERCHANT 00338,Restaurants,Ahmedabad,Gujarat,23.21701,72.45468,Low,N
MER00339,SYNTHETIC MERCHANT 00339,Gaming,Kochi,Kerala,9.79831,76.4157,Medium,Y
MER00340,SYNTHETIC MERCHANT 00340,Electronics,Pune,Maharashtra,18.39199,74.02103,Low,N
MER00341,SYNTHETIC MERCHANT 00341,Travel,Kolkata,West Bengal,22.40814,88.46264,Low,Y
MER00342,SYNTHETIC MERCHANT 00342,Utilities,Delhi,Delhi,28.6107,77.3527,Low,Y
MER00343,SYNTHETIC MERCHANT 00343,Jewellery,Ahmedabad,Gujarat,22.89963,72.41021,Medium,Y
MER00344,SYNTHETIC MERCHANT 00344,Gaming,Chennai,Tamil Nadu,13.12618,80.39438,Low,N
MER00345,SYNTHETIC MERCHANT 00345,Education,Chennai,Tamil Nadu,13.27033,80.30058,High,N
MER00346,SYNTHETIC MERCHANT 00346,Gaming,Bengaluru,Karnataka,12.87668,77.4756,Low,Y
MER00347,SYNTHETIC MERCHANT 00347,E-commerce,Ahmedabad,Gujarat,23.199,72.40119,Low,Y
MER00348,SYNTHETIC MERCHANT 00348,Utilities,Pune,Maharashtra,18.45297,73.91552,Low,Y
MER00349,SYNTHETIC MERCHANT 00349,Electronics,Jaipur,Rajasthan,26.85223,75.84583,Low,Y
MER00350,SYNTHETIC MERCHANT 00350,Fuel,Delhi,Delhi,28.67511,77.18283,Low,Y
MER00351,SYNTHETIC MERCHANT 00351,Education,Ahmedabad,Gujarat,23.05412,72.48096,Medium,Y
MER00352,SYNTHETIC MERCHANT 00352,Restaurants,Pune,Maharashtra,18.70091,73.68757,Low,N
MER00353,SYNTHETIC MERCHANT 00353,Gaming,Ahmedabad,Gujarat,22.97308,72.37522,Low,Y
MER00354,SYNTHETIC MERCHANT 00354,Healthcare,Mumbai,Maharashtra,18.96984,73.07562,Low,Y
MER00355,SYNTHETIC MERCHANT 00355,Restaurants,Bengaluru,Karnataka,13.03322,77.53147,Low,Y
MER00356,SYNTHETIC MERCHANT 00356,Education,Ahmedabad,Gujarat,22.9902,72.62836,Low,N
MER00357,SYNTHETIC MERCHANT 00357,E-commerce,Kolkata,West Bengal,22.72556,88.45395,Low,N
MER00358,SYNTHETIC MERCHANT 00358,Healthcare,Ahmedabad,Gujarat,22.85594,72.39486,Low,Y
MER00359,SYNTHETIC MERCHANT 00359,Grocery,Kochi,Kerala,10.04811,76.388,Low,Y
MER00360,SYNTHETIC MERCHANT 00360,Jewellery,Mumbai,Maharashtra,19.18937,73.03418,Low,Y
MER00361,SYNTHETIC MERCHANT 00361,Healthcare,Hyderabad,Telangana,17.46619,78.54129,Medium,Y
MER00362,SYNTHETIC MERCHANT 00362,Education,Pune,Maharashtra,18.40852,73.99168,Low,Y
MER00363,SYNTHETIC MERCHANT 00363,Travel,Kolkata,West Bengal,22.68301,88.5134,Low,Y
MER00364,SYNTHETIC MERCHANT 00364,Utilities,Ahmedabad,Gujarat,22.85062,72.72779,Low,Y
MER00365,SYNTHETIC MERCHANT 00365,Jewellery,Mumbai,Maharashtra,19.19723,72.82883,Low,Y
MER00366,SYNTHETIC MERCHANT 00366,Fuel,Ahmedabad,Gujarat,23.16595,72.39159,Low,N
MER00367,SYNTHETIC MERCHANT 00367,Grocery,Kochi,Kerala,9.8193,76.40625,Low,Y
MER00368,SYNTHETIC MERCHANT 00368,Grocery,Kochi,Kerala,9.83888,76.11515,Low,N
MER00369,SYNTHETIC MERCHANT 00369,Jewellery,Ahmedabad,Gujarat,22.9948,72.45249,Low,Y
MER00370,SYNTHETIC MERCHANT 00370,E-commerce,Pune,Maharashtra,18.33331,74.02873,Low,Y
MER00371,SYNTHETIC MERCHANT 00371,E-commerce,Jaipur,Rajasthan,26.82086,75.75538,Low,Y
MER00372,SYNTHETIC MERCHANT 00372,Jewellery,Bengaluru,Karnataka,13.11673,77.59911,Low,N
MER00373,SYNTHETIC MERCHANT 00373,Utilities,Jaipur,Rajasthan,26.83679,75.77494,Medium,Y
MER00374,SYNTHETIC MERCHANT 00374,Travel,Chennai,Tamil Nadu,13.06481,80.31939,High,N
MER00375,SYNTHETIC MERCHANT 00375,Gaming,Jaipur,Rajasthan,26.88472,75.65809,High,Y
MER00376,SYNTHETIC MERCHANT 00376,Grocery,Delhi,Delhi,28.76298,77.38701,Low,N
MER00377,SYNTHETIC MERCHANT 00377,Education,Hyderabad,Telangana,17.28794,78.61245,Low,Y
MER00378,SYNTHETIC MERCHANT 00378,Fuel,Mumbai,Maharashtra,19.20097,72.75546,Low,Y
MER00379,SYNTHETIC MERCHANT 00379,E-commerce,Pune,Maharashtra,18.66356,73.94743,Low,Y
MER00380,SYNTHETIC MERCHANT 00380,E-commerce,Pune,Maharashtra,18.62629,73.86545,Low,Y
MER00381,SYNTHETIC MERCHANT 00381,Electronics,Jaipur,Rajasthan,27.07492,75.6603,Low,N
MER00382,SYNTHETIC MERCHANT 00382,Jewellery,Chennai,Tamil Nadu,13.13972,80.40371,Low,Y
MER00383,SYNTHETIC MERCHANT 00383,E-commerce,Delhi,Delhi,28.44579,77.32585,Low,Y
MER00384,SYNTHETIC MERCHANT 00384,Gaming,Bengaluru,Karnataka,13.0957,77.48125,Low,N
MER00385,SYNTHETIC MERCHANT 00385,E-commerce,Delhi,Delhi,28.80726,77.04332,Low,Y
MER00386,SYNTHETIC MERCHANT 00386,Fuel,Kolkata,West Bengal,22.57766,88.19372,Low,Y
MER00387,SYNTHETIC MERCHANT 00387,Healthcare,Mumbai,Maharashtra,19.23708,72.91536,Low,Y
MER00388,SYNTHETIC MERCHANT 00388,Jewellery,Chennai,Tamil Nadu,12.98739,80.37869,Low,Y
MER00389,SYNTHETIC MERCHANT 00389,Fuel,Kolkata,West Bengal,22.61454,88.253,Low,Y
MER00390,SYNTHETIC MERCHANT 00390,Utilities,Ahmedabad,Gujarat,23.04835,72.40865,Medium,Y
MER00391,SYNTHETIC MERCHANT 00391,Gaming,Kochi,Kerala,9.79541,76.38314,Low,Y
MER00392,SYNTHETIC MERCHANT 00392,Jewellery,Mumbai,Maharashtra,19.07621,73.07509,Medium,Y
MER00393,SYNTHETIC MERCHANT 00393,Utilities,Pune,Maharashtra,18.34945,74.04124,Low,Y
MER00394,SYNTHETIC MERCHANT 00394,Gaming,Pune,Maharashtra,18.49106,73.94571,Low,N
MER00395,SYNTHETIC MERCHANT 00395,Gaming,Ahmedabad,Gujarat,22.88334,72.61513,Low,Y
MER00396,SYNTHETIC MERCHANT 00396,E-commerce,Pune,Maharashtra,18.34046,74.04433,Low,Y
MER00397,SYNTHETIC MERCHANT 00397,Electronics,Jaipur,Rajasthan,26.82445,75.85864,Low,N
MER00398,SYNTHETIC MERCHANT 00398,Gaming,Ahmedabad,Gujarat,23.05826,72.65229,Low,Y
MER00399,SYNTHETIC MERCHANT 00399,Grocery,Chennai,Tamil Nadu,12.89609,80.09419,Low,Y
MER00400,SYNTHETIC MERCHANT 00400,Restaurants,Jaipur,Rajasthan,26.74935,75.72632,Low,N
MER00401,SYNTHETIC MERCHANT 00401,Electronics,Bengaluru,Karnataka,13.0461,77.63891,Low,N
MER00402,SYNTHETIC MERCHANT 00402,Healthcare,Pune,Maharashtra,18.57851,73.69692,Low,Y
MER00403,SYNTHETIC MERCHANT 00403,Travel,Jaipur,Rajasthan,26.78486,75.73246,Low,Y
MER00404,SYNTHETIC MERCHANT 00404,Grocery,Hyderabad,Telangana,17.23951,78.63118,Low,Y
MER00405,SYNTHETIC MERCHANT 00405,Jewellery,Chennai,Tamil Nadu,13.21672,80.46402,Low,N
MER00406,SYNTHETIC MERCHANT 00406,Grocery,Ahmedabad,Gujarat,23.0351,72.6023,Medium,Y
MER00407,SYNTHETIC MERCHANT 00407,Utilities,Pune,Maharashtra,18.38932,73.9035,Low,Y
MER00408,SYNTHETIC MERCHANT 00408,Travel,Chennai,Tamil Nadu,13.16035,80.17313,Low,Y
MER00409,SYNTHETIC MERCHANT 00409,Utilities,Delhi,Delhi,28.66734,77.05588,Low,Y
MER00410,SYNTHETIC MERCHANT 00410,Restaurants,Ahmedabad,Gujarat,23.06331,72.68287,Low,Y
MER00411,SYNTHETIC MERCHANT 00411,Travel,Hyderabad,Telangana,17.43403,78.59182,Low,Y
MER00412,SYNTHETIC MERCHANT 00412,Electronics,Delhi,Delhi,28.77616,77.09091,Low,Y
MER00413,SYNTHETIC MERCHANT 00413,E-commerce,Kochi,Kerala,9.82809,76.25244,Medium,Y
MER00414,SYNTHETIC MERCHANT 00414,Gaming,Bengaluru,Karnataka,13.16386,77.48275,Low,Y
MER00415,SYNTHETIC MERCHANT 00415,Fuel,Bengaluru,Karnataka,13.06711,77.62218,Low,N
MER00416,SYNTHETIC MERCHANT 00416,Restaurants,Kochi,Kerala,9.86156,76.24217,Low,N
MER00417,SYNTHETIC MERCHANT 00417,Travel,Delhi,Delhi,28.56341,77.01393,Low,Y
MER00418,SYNTHETIC MERCHANT 00418,Utilities,Kolkata,West Bengal,22.39032,88.5212,Low,Y
MER00419,SYNTHETIC MERCHANT 00419,Healthcare,Kochi,Kerala,9.74787,76.41047,Low,N
MER00420,SYNTHETIC MERCHANT 00420,Education,Bengaluru,Karnataka,13.06547,77.60323,Low,Y
MER00421,SYNTHETIC MERCHANT 00421,Grocery,Ahmedabad,Gujarat,23.12896,72.72206,Low,Y
MER00422,SYNTHETIC MERCHANT 00422,E-commerce,Jaipur,Rajasthan,27.00198,75.73951,Low,Y
MER00423,SYNTHETIC MERCHANT 00423,Utilities,Kolkata,West Bengal,22.42579,88.43448,Low,Y
MER00424,SYNTHETIC MERCHANT 00424,Restaurants,Hyderabad,Telangana,17.58245,78.43601,Low,Y
MER00425,SYNTHETIC MERCHANT 00425,Travel,Kolkata,West Bengal,22.71265,88.41826,Low,Y
MER00426,SYNTHETIC MERCHANT 00426,Healthcare,Delhi,Delhi,28.72069,77.34077,Medium,N
MER00427,SYNTHETIC MERCHANT 00427,Education,Ahmedabad,Gujarat,23.12535,72.71187,Low,N
MER00428,SYNTHETIC MERCHANT 00428,E-commerce,Delhi,Delhi,28.4498,77.4039,High,N
MER00429,SYNTHETIC MERCHANT 00429,Utilities,Mumbai,Maharashtra,18.88841,73.00122,High,Y
MER00430,SYNTHETIC MERCHANT 00430,Utilities,Delhi,Delhi,28.48762,77.38301,Low,Y
MER00431,SYNTHETIC MERCHANT 00431,Electronics,Bengaluru,Karnataka,13.03349,77.70524,High,N
MER00432,SYNTHETIC MERCHANT 00432,E-commerce,Kolkata,West Bengal,22.64777,88.30941,Low,N
MER00433,SYNTHETIC MERCHANT 00433,Healthcare,Pune,Maharashtra,18.64297,73.78957,Low,Y
MER00434,SYNTHETIC MERCHANT 00434,Electronics,Pune,Maharashtra,18.69613,73.71798,Low,Y
MER00435,SYNTHETIC MERCHANT 00435,Restaurants,Chennai,Tamil Nadu,13.21515,80.34134,Low,Y
MER00436,SYNTHETIC MERCHANT 00436,Jewellery,Kochi,Kerala,10.00609,76.22196,Low,Y
MER00437,SYNTHETIC MERCHANT 00437,Fuel,Ahmedabad,Gujarat,23.0461,72.72435,Low,N
MER00438,SYNTHETIC MERCHANT 00438,Jewellery,Kochi,Kerala,10.05018,76.14827,Low,Y
MER00439,SYNTHETIC MERCHANT 00439,Grocery,Hyderabad,Telangana,17.56547,78.54991,Low,Y
MER00440,SYNTHETIC MERCHANT 00440,Electronics,Kochi,Kerala,9.75944,76.12558,Low,N
MER00441,SYNTHETIC MERCHANT 00441,Healthcare,Mumbai,Maharashtra,19.15361,72.8716,Low,N
MER00442,SYNTHETIC MERCHANT 00442,Grocery,Hyderabad,Telangana,17.28319,78.54707,Low,Y
MER00443,SYNTHETIC MERCHANT 00443,Jewellery,Pune,Maharashtra,18.45362,74.03809,Low,Y
MER00444,SYNTHETIC MERCHANT 00444,Gaming,Kolkata,West Bengal,22.38642,88.39641,Low,Y
MER00445,SYNTHETIC MERCHANT 00445,Travel,Bengaluru,Karnataka,12.89924,77.61345,Low,Y
MER00446,SYNTHETIC MERCHANT 00446,Utilities,Jaipur,Rajasthan,27.01628,75.7949,Low,Y
MER00447,SYNTHETIC MERCHANT 00447,Fuel,Jaipur,Rajasthan,26.7491,75.94565,Low,Y
MER00448,SYNTHETIC MERCHANT 00448,Electronics,Kochi,Kerala,10.09683,76.14904,Low,Y
MER00449,SYNTHETIC MERCHANT 00449,Utilities,Pune,Maharashtra,18.33214,73.91676,High,Y
MER00450,SYNTHETIC MERCHANT 00450,Healthcare,Chennai,Tamil Nadu,12.96647,80.40376,Low,Y
MER00451,SYNTHETIC MERCHANT 00451,Electronics,Delhi,Delhi,28.58651,77.32511,Low,N
MER00452,SYNTHETIC MERCHANT 00452,Travel,Pune,Maharashtra,18.666,73.96924,Low,Y
MER00453,SYNTHETIC MERCHANT 00453,Fuel,Kochi,Kerala,10.00478,76.26902,Low,Y
MER00454,SYNTHETIC MERCHANT 00454,Healthcare,Jaipur,Rajasthan,26.99177,75.60596,Low,N
MER00455,SYNTHETIC MERCHANT 00455,E-commerce,Kochi,Kerala,9.86298,76.37584,Low,Y
MER00456,SYNTHETIC MERCHANT 00456,Fuel,Bengaluru,Karnataka,12.99373,77.61706,High,Y
MER00457,SYNTHETIC MERCHANT 00457,E-commerce,Jaipur,Rajasthan,26.82411,75.65375,Low,Y
MER00458,SYNTHETIC MERCHANT 00458,Fuel,Hyderabad,Telangana,17.2488,78.44128,Low,N
MER00459,SYNTHETIC MERCHANT 00459,Restaurants,Chennai,Tamil Nadu,12.88565,80.0936,Low,Y
MER00460,SYNTHETIC MERCHANT 00460,Fuel,Bengaluru,Karnataka,12.96733,77.43993,Low,Y
MER00461,SYNTHETIC MERCHANT 00461,Electronics,Chennai,Tamil Nadu,13.164,80.41817,Low,Y
MER00462,SYNTHETIC MERCHANT 00462,Utilities,Jaipur,Rajasthan,26.93296,75.93645,Low,Y
MER00463,SYNTHETIC MERCHANT 00463,Restaurants,Mumbai,Maharashtra,18.96346,73.02051,Low,Y
MER00464,SYNTHETIC MERCHANT 00464,E-commerce,Bengaluru,Karnataka,12.83859,77.5531,Low,Y
MER00465,SYNTHETIC MERCHANT 00465,Jewellery,Mumbai,Maharashtra,19.01365,72.71645,Low,Y
MER00466,SYNTHETIC MERCHANT 00466,Jewellery,Ahmedabad,Gujarat,23.08602,72.44375,Low,Y
MER00467,SYNTHETIC MERCHANT 00467,Gaming,Pune,Maharashtra,18.38836,73.73469,Low,Y
MER00468,SYNTHETIC MERCHANT 00468,Gaming,Delhi,Delhi,28.59341,77.0218,Low,Y
MER00469,SYNTHETIC MERCHANT 00469,Healthcare,Kochi,Kerala,9.73315,76.41353,Low,N
MER00470,SYNTHETIC MERCHANT 00470,Restaurants,Kochi,Kerala,9.76415,76.34911,Low,Y
MER00471,SYNTHETIC MERCHANT 00471,E-commerce,Ahmedabad,Gujarat,22.87963,72.56777,Low,Y
MER00472,SYNTHETIC MERCHANT 00472,Grocery,Kolkata,West Bengal,22.65104,88.39246,Low,N
MER00473,SYNTHETIC MERCHANT 00473,Gaming,Delhi,Delhi,28.76887,77.14933,Low,Y
MER00474,SYNTHETIC MERCHANT 00474,Grocery,Kolkata,West Bengal,22.41741,88.3248,Low,Y
MER00475,SYNTHETIC MERCHANT 00475,Fuel,Kolkata,West Bengal,22.38687,88.50113,Low,N
MER00476,SYNTHETIC MERCHANT 00476,E-commerce,Hyderabad,Telangana,17.2827,78.63809,Low,Y
MER00477,SYNTHETIC MERCHANT 00477,Fuel,Kolkata,West Bengal,22.45538,88.42691,Low,N
MER00478,SYNTHETIC MERCHANT 00478,Travel,Ahmedabad,Gujarat,22.84454,72.71732,Low,Y
MER00479,SYNTHETIC MERCHANT 00479,Grocery,Chennai,Tamil Nadu,13.0738,80.10805,Medium,Y
MER00480,SYNTHETIC MERCHANT 00480,Gaming,Kochi,Kerala,10.00331,76.23325,Low,Y
MER00481,SYNTHETIC MERCHANT 00481,Restaurants,Delhi,Delhi,28.50402,77.40112,Medium,Y
MER00482,SYNTHETIC MERCHANT 00482,Healthcare,Ahmedabad,Gujarat,22.90275,72.6134,Low,Y
MER00483,SYNTHETIC MERCHANT 00483,Grocery,Mumbai,Maharashtra,19.19416,72.79708,Low,N
MER00484,SYNTHETIC MERCHANT 00484,Education,Ahmedabad,Gujarat,22.84002,72.65675,Low,Y
MER00485,SYNTHETIC MERCHANT 00485,Healthcare,Hyderabad,Telangana,17.34153,78.28888,Medium,Y
MER00486,SYNTHETIC MERCHANT 00486,Jewellery,Delhi,Delhi,28.51617,77.26225,High,Y
MER00487,SYNTHETIC MERCHANT 00487,Gaming,Jaipur,Rajasthan,27.00292,75.96754,Low,Y
MER00488,SYNTHETIC MERCHANT 00488,Grocery,Bengaluru,Karnataka,12.81067,77.43682,Low,Y
MER00489,SYNTHETIC MERCHANT 00489,Travel,Bengaluru,Karnataka,12.83927,77.43257,High,Y
MER00490,SYNTHETIC MERCHANT 00490,Utilities,Kochi,Kerala,9.95022,76.3089,Low,Y
MER00491,SYNTHETIC MERCHANT 00491,Fuel,Kochi,Kerala,10.07186,76.37355,Low,Y
MER00492,SYNTHETIC MERCHANT 00492,Jewellery,Hyderabad,Telangana,17.555,78.44265,Medium,N
MER00493,SYNTHETIC MERCHANT 00493,Grocery,Kolkata,West Bengal,22.48483,88.20156,Low,Y
MER00494,SYNTHETIC MERCHANT 00494,Gaming,Bengaluru,Karnataka,13.02655,77.60068,Medium,Y
MER00495,SYNTHETIC MERCHANT 00495,Gaming,Kochi,Kerala,9.90371,76.23729,Medium,N
MER00496,SYNTHETIC MERCHANT 00496,Grocery,Bengaluru,Karnataka,12.82847,77.396,Medium,N
MER00497,SYNTHETIC MERCHANT 00497,Grocery,Hyderabad,Telangana,17.51636,78.44008,Low,Y
MER00498,SYNTHETIC MERCHANT 00498,E-commerce,Chennai,Tamil Nadu,13.03334,80.18884,Low,Y
MER00499,SYNTHETIC MERCHANT 00499,Fuel,Ahmedabad,Gujarat,23.09699,72.60422,Low,Y
MER00500,SYNTHETIC MERCHANT 00500,Travel,Kolkata,West Bengal,22.39837,88.28254,Low,Y
